change_type,reaction_id,reaction_name,subsystem,gpr_before,gpr_after,genes_before,genes_after,added_genes_in_rule,removed_genes_in_rule
added_reaction,3HOPCD,3-hydroxypimeloyl-CoA dehydrogenase,Aromatic Compound degradation,,ACXYSJ_22125,,ACXYSJ_22125,ACXYSJ_22125,
added_reaction,ADNt2pp,adn transport (p to c),Unknown,,,,,,
added_reaction,ADNtex,adn transport (e to p),Unknown,,,,,,
added_reaction,ALA__Dtex,ala__D transport (e to p),Unknown,,,,,,
added_reaction,ALA__Ltex,ala__L transport (e to p),Unknown,,,,,,
added_reaction,ASN__Lt2pp,asn__L transport (p to c),Unknown,,,,,,
added_reaction,ASN__Ltex,asn__L transport (e to p),Unknown,,,,,,
added_reaction,CA2t2pp,ca2 transport (p to c),Unknown,,,,,,
added_reaction,CYTDt2pp,cytd transport (p to c),Unknown,,,,,,
added_reaction,DAD_2t2pp,dad_2 transport (p to c),Unknown,,,,,,
added_reaction,DAD_2tex,dad_2 transport (e to p),Unknown,,,,,,
added_reaction,DCYTt2pp,dcyt transport (p to c),Unknown,,,,,,
added_reaction,DCYTtex,dcyt transport (e to p),Unknown,,,,,,
added_reaction,DGSNt2pp,dgsn transport (p to c),Unknown,,,,,,
added_reaction,DKGLCNR3,2 5 diketo D gluconate reductase,S_Alternate_Carbon__Ascorbate_and_Aldarate_Metabolism,,ACXYSJ_09900,,ACXYSJ_09900,ACXYSJ_09900,
added_reaction,ETOHtex,etoh transport (e to p),Unknown,,,,,,
added_reaction,EX_photon_purple_e,Purple Photon Exchange,Unknown,,,,,,
added_reaction,FORt,Formate transport via diffusion,Unknown,,ACXYSJ_23625,,ACXYSJ_23625,ACXYSJ_23625,
added_reaction,FRUt2pp,fru transport (p to c),Unknown,,,,,,
added_reaction,FTHFLi,Formate--tetrahydrofolate ligase,Unknown,,,,,,
added_reaction,G5SD_copy1,Glutamate-5-semialdehyde dehydrogenase,S_Glutamate_Metabolism,,ACXYSJ_23905,,ACXYSJ_23905,ACXYSJ_23905,
added_reaction,G5SD_copy2,Glutamate-5-semialdehyde dehydrogenase,S_Glutamate_Metabolism,,ACXYSJ_23905,,ACXYSJ_23905,ACXYSJ_23905,
added_reaction,GLU__Ltex,glu__L transport (e to p),Unknown,,,,,,
added_reaction,GLYCtex,glyc transport (e to p),Unknown,,,,,,
added_reaction,H2tex,h2 transport (e to p),Unknown,,,,,,
added_reaction,HVCD,3-hydroxyacyl-CoA dehydrogenase (3-hydroxyacyl-CoA dehydrogenase (3-oxovaleryl-CoA)),S_Fatty_Acid_Metabolism,,ACXYSJ_22125,,ACXYSJ_22125,ACXYSJ_22125,
added_reaction,ILE__Ltex,ile__L transport (e to p),Unknown,,,,,,
added_reaction,LUMPED_ANAEROBIC_C16_1,Lumped anaerobic synthesis of Palmitoleoyl-ACP (C16:1),Unknown,,,,,,
added_reaction,LUMPED_ANAEROBIC_C18_1,Lumped anaerobic synthesis of Stearoyl-ACP delta-9 (C18:1),Unknown,,,,,,
added_reaction,LYS__Ltex,lys__L transport (e to p),Unknown,,,,,,
added_reaction,MANt2pp,man transport (p to c),Unknown,,,,,,
added_reaction,MANtex,man transport (e to p),Unknown,,,,,,
added_reaction,NH4t,Ammonia reversible transport,Unknown,,ACXYSJ_24555,,ACXYSJ_24555,ACXYSJ_24555,
added_reaction,NITOR,nitrite:(acceptor) oxidoreductase,Unknown,,ACXYSJ_23610,,ACXYSJ_23610,ACXYSJ_23610,
added_reaction,PA140abcpp,"Phosphatidate transport via ABC system (n-C14:0, periplasm)",Unknown,,PGIDNB_17685,,PGIDNB_17685,PGIDNB_17685,
added_reaction,PA141abcpp,"Phosphatidate transport via ABC system (n-C14:1, periplasm)",Unknown,,PGIDNB_17685,,PGIDNB_17685,PGIDNB_17685,
added_reaction,PA160abcpp,"Phosphatidate transport via ABC system (n-C16:0, periplasm)",Unknown,,PGIDNB_17685,,PGIDNB_17685,PGIDNB_17685,
added_reaction,PDXSP,Pyridoxal 5'-phosphate synthase (glutamine hydrolyzing),Unknown,,,,,,
added_reaction,PE140abcpp,"Phosphatidylethanolamine transport via ABC system (n-C14:0, periplasm)",Unknown,,PGIDNB_17685,,PGIDNB_17685,PGIDNB_17685,
added_reaction,PE160abcpp,"Phosphatidylethanolamine transport via ABC system (n-C16:0, periplasm)",Unknown,,PGIDNB_17685,,PGIDNB_17685,PGIDNB_17685,
added_reaction,PE181abcpp,"Phosphatidylethanolamine transport via ABC system (n-C18:1, periplasm)",Unknown,,PGIDNB_17685,,PGIDNB_17685,PGIDNB_17685,
added_reaction,PG120abcpp,"Phosphatidylglycerol transport via ABC system (n-C12:0, periplasm)",Unknown,,PGIDNB_17685,,PGIDNB_17685,PGIDNB_17685,
added_reaction,PG140abcpp,"Phosphatidylglycerol transport via ABC system (n-C14:0, periplasm)",Unknown,,PGIDNB_17685,,PGIDNB_17685,PGIDNB_17685,
added_reaction,PG161abcpp,"Phosphatidylglycerol transport via ABC system (n-C16:1, periplasm)",Unknown,,PGIDNB_17685,,PGIDNB_17685,PGIDNB_17685,
added_reaction,PG180abcpp,"Phosphatidylglycerol transport via ABC system (n-C18:0, periplasm)",Unknown,,PGIDNB_17685,,PGIDNB_17685,PGIDNB_17685,
added_reaction,PG181abcpp,"Phosphatidylglycerol transport via ABC system (n-C18:1, periplasm)",Unknown,,PGIDNB_17685,,PGIDNB_17685,PGIDNB_17685,
added_reaction,PGP120abcpp,"Phosphatidylglycerophosphate transport via ABC system (n-C12:0, periplasm)",Unknown,,PGIDNB_17685,,PGIDNB_17685,PGIDNB_17685,
added_reaction,PGP140abcpp,"Phosphatidylglycerophosphate transport via ABC system (n-C14:0, periplasm)",Unknown,,PGIDNB_17685,,PGIDNB_17685,PGIDNB_17685,
added_reaction,PGP160abcpp,"Phosphatidylglycerophosphate transport via ABC system (n-C16:0, periplasm)",Unknown,,PGIDNB_17685,,PGIDNB_17685,PGIDNB_17685,
added_reaction,PGP180abcpp,"Phosphatidylglycerophosphate transport via ABC system (n-C18:0, periplasm)",Unknown,,PGIDNB_17685,,PGIDNB_17685,PGIDNB_17685,
added_reaction,PPAtex,ppa transport (e to p),Unknown,,,,,,
added_reaction,PRO__Ltex,pro__L transport (e to p),Unknown,,,,,,
added_reaction,PURPLE_CYTBC1,Cytochrome bc1 complex,Unknown,,,,,,
added_reaction,PURPLE_RC,Anoxygenic Reaction Center Type II,Unknown,,,,,,
added_reaction,S4FE4SR,SUF [4Fe-4S] Reduction,Unknown,,ACXYSJ_13550 and ACXYSJ_13555 and ACXYSJ_13560 and ACXYSJ_13565 and ACXYSJ_13570 and ACXYSJ_13575,,ACXYSJ_13550 | ACXYSJ_13555 | ACXYSJ_13560 | ACXYSJ_13565 | ACXYSJ_13570 | ACXYSJ_13575,ACXYSJ_13550 | ACXYSJ_13555 | ACXYSJ_13560 | ACXYSJ_13565 | ACXYSJ_13570 | ACXYSJ_13575,
added_reaction,S4FE4ST,SUF [4Fe-4S] Transfer,Unknown,,ACXYSJ_13550 and ACXYSJ_13555 and ACXYSJ_13560 and ACXYSJ_13565 and ACXYSJ_13570 and ACXYSJ_13575,,ACXYSJ_13550 | ACXYSJ_13555 | ACXYSJ_13560 | ACXYSJ_13565 | ACXYSJ_13570 | ACXYSJ_13575,ACXYSJ_13550 | ACXYSJ_13555 | ACXYSJ_13560 | ACXYSJ_13565 | ACXYSJ_13570 | ACXYSJ_13575,
added_reaction,SLCYSS,O-acetyl-L-serine sulfhydrylase,Unknown,,PGIDNB_06660,,PGIDNB_06660,PGIDNB_06660,
added_reaction,SO3tex,so3 transport (e to p),Unknown,,,,,,
added_reaction,TGTASE1,TRNA guanosine34 transglycosylase  trnahis ,S_Cofactor_and_Prosthetic_Group_Biosynthesis__Queuosine_biosynthesis,,ACXYSJ_12565,,ACXYSJ_12565,ACXYSJ_12565,
added_reaction,TGTASE2,TRNA guanosine34 transglycosylase  trnatyr ,S_Cofactor_and_Prosthetic_Group_Biosynthesis__Queuosine_biosynthesis,,ACXYSJ_12565,,ACXYSJ_12565,ACXYSJ_12565,
added_reaction,TGTASE3,TRNA guanosine34 transglycosylase  trnaasp ,S_Cofactor_and_Prosthetic_Group_Biosynthesis__Queuosine_biosynthesis,,ACXYSJ_12565,,ACXYSJ_12565,ACXYSJ_12565,
added_reaction,THR__Ltex,thr__L transport (e to p),Unknown,,,,,,
added_reaction,TSULtex,tsul transport (e to p),Unknown,,,,,,
added_reaction,VAL__Ltex,val__L transport (e to p),Unknown,,,,,,
gpr_changed,ADCS,4-amino-4-deoxychorismate synthase,Unknown,RPE_RS22200,ACXYSJ_11060,RPE_RS22200,ACXYSJ_11060,ACXYSJ_11060,RPE_RS22200
gpr_changed,ADOCBLS,Adenosylcobalamin 5'-phosphate synthase,Unknown,RPE_RS19240,ACXYSJ_14375,RPE_RS19240,ACXYSJ_14375,ACXYSJ_14375,RPE_RS19240
gpr_changed,AHMMPS,4 amino 5 hydroxymethyl 2 methylpyrimidine synthetase,Unknown,RPE_RS10280,ACXYSJ_05960,RPE_RS10280,ACXYSJ_05960,ACXYSJ_05960,RPE_RS10280
gpr_changed,ALAALAr,D-alanine-D-alanine ligase (reversible),Unknown,RPE_RS10605,ACXYSJ_07975,RPE_RS10605,ACXYSJ_07975,ACXYSJ_07975,RPE_RS10605
gpr_changed,ARBTNabcpp,Aerobactin transport via ABC system (periplasm),Unknown,ACXYSJ_01580 or ACXYSJ_24115 or ACXYSJ_02890 or ACXYSJ_03165 or ACXYSJ_21950 or ACXYSJ_15215 or ACXYSJ_17640 or ACXYSJ_15290 or ACXYSJ_14880 or ACXYSJ_11775 or ACXYSJ_13570 or ACXYSJ_18925,ACXYSJ_01580 or ACXYSJ_24115 or ACXYSJ_02890 or ACXYSJ_03165 or ACXYSJ_21950 or ACXYSJ_15215 or PGIDNB_17685 or ACXYSJ_17640 or ACXYSJ_15290 or ACXYSJ_14880 or ACXYSJ_11775 or ACXYSJ_13570 or ACXYSJ_18925,ACXYSJ_01580 | ACXYSJ_02890 | ACXYSJ_03165 | ACXYSJ_11775 | ACXYSJ_13570 | ACXYSJ_14880 | ACXYSJ_15215 | ACXYSJ_15290 | ACXYSJ_17640 | ACXYSJ_18925 | ACXYSJ_21950 | ACXYSJ_24115,ACXYSJ_01580 | ACXYSJ_02890 | ACXYSJ_03165 | ACXYSJ_11775 | ACXYSJ_13570 | ACXYSJ_14880 | ACXYSJ_15215 | ACXYSJ_15290 | ACXYSJ_17640 | ACXYSJ_18925 | ACXYSJ_21950 | ACXYSJ_24115 | PGIDNB_17685,PGIDNB_17685,
gpr_changed,ARBt2rpp,L-arabinose transport via proton symport (periplasm),Unknown,ACXYSJ_01950 or ACXYSJ_01945 or ACXYSJ_01940 or ACXYSJ_03005 or ACXYSJ_04860,ACXYSJ_01950 or ACXYSJ_01945 or ACXYSJ_01940 or ACXYSJ_03005 or PGIDNB_04835,ACXYSJ_01940 | ACXYSJ_01945 | ACXYSJ_01950 | ACXYSJ_03005 | ACXYSJ_04860,ACXYSJ_01940 | ACXYSJ_01945 | ACXYSJ_01950 | ACXYSJ_03005 | PGIDNB_04835,PGIDNB_04835,ACXYSJ_04860
gpr_changed,ARBtex,L-arabinose transport via diffusion (extracellular to periplasm),Unknown,ACXYSJ_01950 or ACXYSJ_01945 or ACXYSJ_01940 or ACXYSJ_03005 or ACXYSJ_04860,ACXYSJ_01950 or ACXYSJ_01945 or ACXYSJ_01940 or ACXYSJ_03005 or PGIDNB_04835,ACXYSJ_01940 | ACXYSJ_01945 | ACXYSJ_01950 | ACXYSJ_03005 | ACXYSJ_04860,ACXYSJ_01940 | ACXYSJ_01945 | ACXYSJ_01950 | ACXYSJ_03005 | PGIDNB_04835,PGIDNB_04835,ACXYSJ_04860
gpr_changed,BPNT,"3',5'-bisphosphate nucleotidase",Unknown,RPE_RS21415,ACXYSJ_06660,RPE_RS21415,ACXYSJ_06660,ACXYSJ_06660,RPE_RS21415
gpr_changed,C12HR,"carotenoid 1,2-hydratase",Unknown,RPE_RS06655,ACXYSJ_06260,RPE_RS06655,ACXYSJ_06260,ACXYSJ_06260,RPE_RS06655
gpr_changed,CDGUNPD,"3,5-cyclic-nucleotide phosphodiesterase",Unknown,ACXYSJ_02080 or ACXYSJ_08615 or ACXYSJ_04440 or ACXYSJ_02080 or ACXYSJ_03140 or ACXYSJ_08615 or ACXYSJ_04440 or ACXYSJ_22930 or ACXYSJ_19520 or ACXYSJ_04440 or ACXYSJ_02080 or ACXYSJ_03140 or ACXYSJ_22930 or ACXYSJ_08615 or ACXYSJ_12020 or ACXYSJ_13545 or ACXYSJ_10085 or ACXYSJ_19520 or ACXYSJ_19540 or ACXYSJ_04440 or ACXYSJ_02080 or ACXYSJ_03140 or ACXYSJ_08615 or ACXYSJ_19520 or ACXYSJ_04440,ACXYSJ_02080 or PGIDNB_08535 or ACXYSJ_04440 or ACXYSJ_02080 or ACXYSJ_03140 or PGIDNB_08535 or ACXYSJ_04440 or ACXYSJ_22930 or ACXYSJ_19520 or ACXYSJ_04440 or ACXYSJ_02080 or ACXYSJ_03140 or ACXYSJ_22930 or PGIDNB_08535 or ACXYSJ_12020 or ACXYSJ_13545 or ACXYSJ_10085 or ACXYSJ_19520 or ACXYSJ_19540 or ACXYSJ_04440 or ACXYSJ_02080 or ACXYSJ_03140 or PGIDNB_08535 or ACXYSJ_19520 or ACXYSJ_04440,ACXYSJ_02080 | ACXYSJ_03140 | ACXYSJ_04440 | ACXYSJ_08615 | ACXYSJ_10085 | ACXYSJ_12020 | ACXYSJ_13545 | ACXYSJ_19520 | ACXYSJ_19540 | ACXYSJ_22930,ACXYSJ_02080 | ACXYSJ_03140 | ACXYSJ_04440 | ACXYSJ_10085 | ACXYSJ_12020 | ACXYSJ_13545 | ACXYSJ_19520 | ACXYSJ_19540 | ACXYSJ_22930 | PGIDNB_08535,PGIDNB_08535,ACXYSJ_08615
gpr_changed,COLIPAabcpp,Core oligosaccharide lipid A transport via ABC system (periplasm),Unknown,RPE_RS07280,PGIDNB_17685,RPE_RS07280,PGIDNB_17685,PGIDNB_17685,RPE_RS07280
gpr_changed,CPGNabcpp,Coprogen transport via ABC system (periplasm),Unknown,ACXYSJ_01580 or ACXYSJ_24115 or ACXYSJ_24150 or ACXYSJ_02890 or ACXYSJ_23570 or ACXYSJ_17640 or ACXYSJ_15290 or ACXYSJ_14880 or ACXYSJ_11775 or ACXYSJ_14275 or ACXYSJ_07130 or ACXYSJ_19295,ACXYSJ_01580 or ACXYSJ_24115 or ACXYSJ_24150 or ACXYSJ_02890 or ACXYSJ_23570 or PGIDNB_17685 or ACXYSJ_17640 or ACXYSJ_15290 or ACXYSJ_14880 or ACXYSJ_11775 or ACXYSJ_14275 or ACXYSJ_07130 or ACXYSJ_19295,ACXYSJ_01580 | ACXYSJ_02890 | ACXYSJ_07130 | ACXYSJ_11775 | ACXYSJ_14275 | ACXYSJ_14880 | ACXYSJ_15290 | ACXYSJ_17640 | ACXYSJ_19295 | ACXYSJ_23570 | ACXYSJ_24115 | ACXYSJ_24150,ACXYSJ_01580 | ACXYSJ_02890 | ACXYSJ_07130 | ACXYSJ_11775 | ACXYSJ_14275 | ACXYSJ_14880 | ACXYSJ_15290 | ACXYSJ_17640 | ACXYSJ_19295 | ACXYSJ_23570 | ACXYSJ_24115 | ACXYSJ_24150 | PGIDNB_17685,PGIDNB_17685,
gpr_changed,CRNCAR,Carnitine-CoA racemase,Unknown,ACXYSJ_18135 or ACXYSJ_22745 or ACXYSJ_16650 or ACXYSJ_03395 or ACXYSJ_16460 or ACXYSJ_16270 or ACXYSJ_15110 or ACXYSJ_08440 or ACXYSJ_12040 or ACXYSJ_07140 or ACXYSJ_16380 or ACXYSJ_16485,ACXYSJ_18135 or ACXYSJ_22745 or ACXYSJ_16650 or ACXYSJ_03395 or ACXYSJ_16460 or ACXYSJ_16270 or ACXYSJ_15110 or ACXYSJ_08440 or ACXYSJ_12040 or PGIDNB_07085 or ACXYSJ_16380 or ACXYSJ_16485,ACXYSJ_03395 | ACXYSJ_07140 | ACXYSJ_08440 | ACXYSJ_12040 | ACXYSJ_15110 | ACXYSJ_16270 | ACXYSJ_16380 | ACXYSJ_16460 | ACXYSJ_16485 | ACXYSJ_16650 | ACXYSJ_18135 | ACXYSJ_22745,ACXYSJ_03395 | ACXYSJ_08440 | ACXYSJ_12040 | ACXYSJ_15110 | ACXYSJ_16270 | ACXYSJ_16380 | ACXYSJ_16460 | ACXYSJ_16485 | ACXYSJ_16650 | ACXYSJ_18135 | ACXYSJ_22745 | PGIDNB_07085,PGIDNB_07085,ACXYSJ_07140
gpr_changed,CRNCDH,Carnityl-CoA dehydratse,Unknown,ACXYSJ_18135 or ACXYSJ_22745 or ACXYSJ_16650 or ACXYSJ_03395 or ACXYSJ_16460 or ACXYSJ_16270 or ACXYSJ_15110 or ACXYSJ_08440 or ACXYSJ_12040 or ACXYSJ_07140 or ACXYSJ_16380 or ACXYSJ_16485,ACXYSJ_18135 or ACXYSJ_22745 or ACXYSJ_16650 or ACXYSJ_03395 or ACXYSJ_16460 or ACXYSJ_16270 or ACXYSJ_15110 or ACXYSJ_08440 or ACXYSJ_12040 or PGIDNB_07085 or ACXYSJ_16380 or ACXYSJ_16485,ACXYSJ_03395 | ACXYSJ_07140 | ACXYSJ_08440 | ACXYSJ_12040 | ACXYSJ_15110 | ACXYSJ_16270 | ACXYSJ_16380 | ACXYSJ_16460 | ACXYSJ_16485 | ACXYSJ_16650 | ACXYSJ_18135 | ACXYSJ_22745,ACXYSJ_03395 | ACXYSJ_08440 | ACXYSJ_12040 | ACXYSJ_15110 | ACXYSJ_16270 | ACXYSJ_16380 | ACXYSJ_16460 | ACXYSJ_16485 | ACXYSJ_16650 | ACXYSJ_18135 | ACXYSJ_22745 | PGIDNB_07085,PGIDNB_07085,ACXYSJ_07140
gpr_changed,CRNDabcpp,D-carnitine transport via ABC system (periplasm),Unknown,ACXYSJ_01580 or ACXYSJ_24115 or ACXYSJ_24150 or ACXYSJ_02890 or ACXYSJ_23570 or ACXYSJ_17640 or ACXYSJ_15290 or ACXYSJ_14880 or ACXYSJ_11775 or ACXYSJ_14275 or ACXYSJ_07130 or ACXYSJ_19295,ACXYSJ_01580 or ACXYSJ_24115 or ACXYSJ_24150 or ACXYSJ_02890 or ACXYSJ_23570 or PGIDNB_17685 or ACXYSJ_17640 or ACXYSJ_15290 or ACXYSJ_14880 or ACXYSJ_11775 or ACXYSJ_14275 or ACXYSJ_07130 or ACXYSJ_19295,ACXYSJ_01580 | ACXYSJ_02890 | ACXYSJ_07130 | ACXYSJ_11775 | ACXYSJ_14275 | ACXYSJ_14880 | ACXYSJ_15290 | ACXYSJ_17640 | ACXYSJ_19295 | ACXYSJ_23570 | ACXYSJ_24115 | ACXYSJ_24150,ACXYSJ_01580 | ACXYSJ_02890 | ACXYSJ_07130 | ACXYSJ_11775 | ACXYSJ_14275 | ACXYSJ_14880 | ACXYSJ_15290 | ACXYSJ_17640 | ACXYSJ_19295 | ACXYSJ_23570 | ACXYSJ_24115 | ACXYSJ_24150 | PGIDNB_17685,PGIDNB_17685,
gpr_changed,CRNabcpp,L-carnitine transport via ABC system (periplasm),Unknown,ACXYSJ_01580 or ACXYSJ_24115 or ACXYSJ_24150 or ACXYSJ_02890 or ACXYSJ_23570 or ACXYSJ_17640 or ACXYSJ_15290 or ACXYSJ_14880 or ACXYSJ_11775 or ACXYSJ_14275 or ACXYSJ_07130 or ACXYSJ_19295,ACXYSJ_01580 or ACXYSJ_24115 or ACXYSJ_24150 or ACXYSJ_02890 or ACXYSJ_23570 or PGIDNB_17685 or ACXYSJ_17640 or ACXYSJ_15290 or ACXYSJ_14880 or ACXYSJ_11775 or ACXYSJ_14275 or ACXYSJ_07130 or ACXYSJ_19295,ACXYSJ_01580 | ACXYSJ_02890 | ACXYSJ_07130 | ACXYSJ_11775 | ACXYSJ_14275 | ACXYSJ_14880 | ACXYSJ_15290 | ACXYSJ_17640 | ACXYSJ_19295 | ACXYSJ_23570 | ACXYSJ_24115 | ACXYSJ_24150,ACXYSJ_01580 | ACXYSJ_02890 | ACXYSJ_07130 | ACXYSJ_11775 | ACXYSJ_14275 | ACXYSJ_14880 | ACXYSJ_15290 | ACXYSJ_17640 | ACXYSJ_19295 | ACXYSJ_23570 | ACXYSJ_24115 | ACXYSJ_24150 | PGIDNB_17685,PGIDNB_17685,
gpr_changed,CTECOAI6,3-cis-2-trans-enoyl-CoA isomerase,Unknown,ACXYSJ_07140,PGIDNB_07085,ACXYSJ_07140,PGIDNB_07085,PGIDNB_07085,ACXYSJ_07140
gpr_changed,CTECOAI7,3-cis-2-trans-enoyl-CoA isomerase,Unknown,ACXYSJ_07140,PGIDNB_07085,ACXYSJ_07140,PGIDNB_07085,PGIDNB_07085,ACXYSJ_07140
gpr_changed,CTECOAI8,3-cis-2-trans-enoyl-CoA isomerase,Unknown,ACXYSJ_07140,PGIDNB_07085,ACXYSJ_07140,PGIDNB_07085,PGIDNB_07085,ACXYSJ_07140
gpr_changed,CYANST,Cyanide sulfurtransferase,Unknown,ACXYSJ_07640 or ACXYSJ_20820 or ACXYSJ_15405 or ACXYSJ_07645,ACXYSJ_07640 or ACXYSJ_20820 or PGIDNB_15270 or ACXYSJ_07645,ACXYSJ_07640 | ACXYSJ_07645 | ACXYSJ_15405 | ACXYSJ_20820,ACXYSJ_07640 | ACXYSJ_07645 | ACXYSJ_20820 | PGIDNB_15270,PGIDNB_15270,ACXYSJ_15405
gpr_changed,CYSS_2,Cysteine synthase,Unknown,RPE_RS18150,ACXYSJ_01135,RPE_RS18150,ACXYSJ_01135,ACXYSJ_01135,RPE_RS18150
gpr_changed,DALAabcpp,D-alanine transport via ABC peptide transporter,Unknown,RPE_RS02965 or RPE_RS05030 or RPE_RS05035,ACXYSJ_03020 or ACXYSJ_18280 or ACXYSJ_18275,RPE_RS02965 | RPE_RS05030 | RPE_RS05035,ACXYSJ_03020 | ACXYSJ_18275 | ACXYSJ_18280,ACXYSJ_03020 | ACXYSJ_18275 | ACXYSJ_18280,RPE_RS02965 | RPE_RS05030 | RPE_RS05035
gpr_changed,DESAT16a,Palmitoyl ACP delta-9 desaturase,Unknown,RPE_RS08175,ACXYSJ_16640,RPE_RS08175,ACXYSJ_16640,ACXYSJ_16640,RPE_RS08175
gpr_changed,DHBSZ3FEabcpp,23dhbsz3 Fe III transport via ABC system periplasm,Unknown,ACXYSJ_24150 or ACXYSJ_23570 or ACXYSJ_20940 or ACXYSJ_05960 or ACXYSJ_10940 or ACXYSJ_07260 or (ACXYSJ_22340 and ACXYSJ_23575) or ACXYSJ_10935 or (ACXYSJ_13460 and ACXYSJ_23575),ACXYSJ_24150 or ACXYSJ_23570 or PGIDNB_17685 or ACXYSJ_20940 or ACXYSJ_05960 or ACXYSJ_10940 or ACXYSJ_07260 or (ACXYSJ_22340 and ACXYSJ_23575) or ACXYSJ_10935 or (ACXYSJ_13460 and ACXYSJ_23575),ACXYSJ_05960 | ACXYSJ_07260 | ACXYSJ_10935 | ACXYSJ_10940 | ACXYSJ_13460 | ACXYSJ_20940 | ACXYSJ_22340 | ACXYSJ_23570 | ACXYSJ_23575 | ACXYSJ_24150,ACXYSJ_05960 | ACXYSJ_07260 | ACXYSJ_10935 | ACXYSJ_10940 | ACXYSJ_13460 | ACXYSJ_20940 | ACXYSJ_22340 | ACXYSJ_23570 | ACXYSJ_23575 | ACXYSJ_24150 | PGIDNB_17685,PGIDNB_17685,
gpr_changed,DHFR,Dihydrofolate reductase,Unknown,RPE_RS10920,ACXYSJ_08155,RPE_RS10920,ACXYSJ_08155,ACXYSJ_08155,RPE_RS10920
gpr_changed,DMPPS,1-hydroxy-2-methyl-2-(E)-butenyl 4-diphosphate reductase (dmpp),Unknown,ACXYSJ_05040,PGIDNB_07000 or ACXYSJ_05040,ACXYSJ_05040,ACXYSJ_05040 | PGIDNB_07000,PGIDNB_07000,
gpr_changed,ECOAH1,3-hydroxyacyl-CoA dehydratase (3-hydroxybutanoyl-CoA),Unknown,ACXYSJ_16460 or ACXYSJ_16270 or ACXYSJ_07140 or ACXYSJ_16380 or ACXYSJ_22125,ACXYSJ_16460 or ACXYSJ_16270 or PGIDNB_07085 or ACXYSJ_16380 or ACXYSJ_22125,ACXYSJ_07140 | ACXYSJ_16270 | ACXYSJ_16380 | ACXYSJ_16460 | ACXYSJ_22125,ACXYSJ_16270 | ACXYSJ_16380 | ACXYSJ_16460 | ACXYSJ_22125 | PGIDNB_07085,PGIDNB_07085,ACXYSJ_07140
gpr_changed,ECOAH2,3-hydroxyacyl-CoA dehydratase (3-hydroxyhexanoyl-CoA),Unknown,ACXYSJ_16460 or ACXYSJ_16270 or ACXYSJ_07140 or ACXYSJ_16380 or ACXYSJ_22125,ACXYSJ_16460 or ACXYSJ_16270 or PGIDNB_07085 or ACXYSJ_16380 or ACXYSJ_22125,ACXYSJ_07140 | ACXYSJ_16270 | ACXYSJ_16380 | ACXYSJ_16460 | ACXYSJ_22125,ACXYSJ_16270 | ACXYSJ_16380 | ACXYSJ_16460 | ACXYSJ_22125 | PGIDNB_07085,PGIDNB_07085,ACXYSJ_07140
gpr_changed,ECOAH3,3-hydroxyacyl-CoA dehydratase (3-hydroxyoctanoyl-CoA),Unknown,ACXYSJ_16460 or ACXYSJ_16270 or ACXYSJ_07140 or ACXYSJ_16380 or ACXYSJ_22125,ACXYSJ_16460 or ACXYSJ_16270 or PGIDNB_07085 or ACXYSJ_16380 or ACXYSJ_22125,ACXYSJ_07140 | ACXYSJ_16270 | ACXYSJ_16380 | ACXYSJ_16460 | ACXYSJ_22125,ACXYSJ_16270 | ACXYSJ_16380 | ACXYSJ_16460 | ACXYSJ_22125 | PGIDNB_07085,PGIDNB_07085,ACXYSJ_07140
gpr_changed,ECOAH4,3-hydroxyacyl-CoA dehydratase (3-hydroxydecanoyl-CoA),Unknown,ACXYSJ_16460 or ACXYSJ_16270 or ACXYSJ_07140 or ACXYSJ_16380 or ACXYSJ_22125,ACXYSJ_16460 or ACXYSJ_16270 or PGIDNB_07085 or ACXYSJ_16380 or ACXYSJ_22125,ACXYSJ_07140 | ACXYSJ_16270 | ACXYSJ_16380 | ACXYSJ_16460 | ACXYSJ_22125,ACXYSJ_16270 | ACXYSJ_16380 | ACXYSJ_16460 | ACXYSJ_22125 | PGIDNB_07085,PGIDNB_07085,ACXYSJ_07140
gpr_changed,ECOAH5,3-hydroxyacyl-CoA dehydratase (3-hydroxydodecanoyl-CoA),Unknown,ACXYSJ_16460 or ACXYSJ_16270 or ACXYSJ_07140 or ACXYSJ_16380 or ACXYSJ_22125,ACXYSJ_16460 or ACXYSJ_16270 or PGIDNB_07085 or ACXYSJ_16380 or ACXYSJ_22125,ACXYSJ_07140 | ACXYSJ_16270 | ACXYSJ_16380 | ACXYSJ_16460 | ACXYSJ_22125,ACXYSJ_16270 | ACXYSJ_16380 | ACXYSJ_16460 | ACXYSJ_22125 | PGIDNB_07085,PGIDNB_07085,ACXYSJ_07140
gpr_changed,ECOAH6,3-hydroxyacyl-CoA dehydratase (3-hydroxytetradecanoyl-CoA),Unknown,ACXYSJ_16460 or ACXYSJ_16270 or ACXYSJ_07140 or ACXYSJ_16380 or ACXYSJ_22125,ACXYSJ_16460 or ACXYSJ_16270 or PGIDNB_07085 or ACXYSJ_16380 or ACXYSJ_22125,ACXYSJ_07140 | ACXYSJ_16270 | ACXYSJ_16380 | ACXYSJ_16460 | ACXYSJ_22125,ACXYSJ_16270 | ACXYSJ_16380 | ACXYSJ_16460 | ACXYSJ_22125 | PGIDNB_07085,PGIDNB_07085,ACXYSJ_07140
gpr_changed,ECOAH7,3-hydroxyacyl-CoA dehydratase (3-hydroxyhexadecanoyl-CoA),Unknown,ACXYSJ_16460 or ACXYSJ_16270 or ACXYSJ_07140 or ACXYSJ_16380 or ACXYSJ_22125,ACXYSJ_16460 or ACXYSJ_16270 or PGIDNB_07085 or ACXYSJ_16380 or ACXYSJ_22125,ACXYSJ_07140 | ACXYSJ_16270 | ACXYSJ_16380 | ACXYSJ_16460 | ACXYSJ_22125,ACXYSJ_16270 | ACXYSJ_16380 | ACXYSJ_16460 | ACXYSJ_22125 | PGIDNB_07085,PGIDNB_07085,ACXYSJ_07140
gpr_changed,ECOAH8,3-hydroxyacyl-CoA dehydratase (3-hydroxyoctadecanoyl-CoA),Unknown,ACXYSJ_16460 or ACXYSJ_16270 or ACXYSJ_07140 or ACXYSJ_16380 or ACXYSJ_22125,ACXYSJ_16460 or ACXYSJ_16270 or PGIDNB_07085 or ACXYSJ_16380 or ACXYSJ_22125,ACXYSJ_07140 | ACXYSJ_16270 | ACXYSJ_16380 | ACXYSJ_16460 | ACXYSJ_22125,ACXYSJ_16270 | ACXYSJ_16380 | ACXYSJ_16460 | ACXYSJ_22125 | PGIDNB_07085,PGIDNB_07085,ACXYSJ_07140
gpr_changed,F6Pt6_2pp,Fructose-6-phosphate transport via phosphate antiport (periplasm),Unknown,ACXYSJ_01950 or ACXYSJ_01945 or ACXYSJ_01940 or ACXYSJ_03005 or ACXYSJ_04860,ACXYSJ_01950 or ACXYSJ_01945 or ACXYSJ_01940 or ACXYSJ_03005 or PGIDNB_04835,ACXYSJ_01940 | ACXYSJ_01945 | ACXYSJ_01950 | ACXYSJ_03005 | ACXYSJ_04860,ACXYSJ_01940 | ACXYSJ_01945 | ACXYSJ_01950 | ACXYSJ_03005 | PGIDNB_04835,PGIDNB_04835,ACXYSJ_04860
gpr_changed,F6Ptex,Fructose 6-phosphate transport via diffusion (extracellular to periplasm),Unknown,ACXYSJ_01950 or ACXYSJ_01945 or ACXYSJ_01940 or ACXYSJ_03005 or ACXYSJ_04860,ACXYSJ_01950 or ACXYSJ_01945 or ACXYSJ_01940 or ACXYSJ_03005 or PGIDNB_04835,ACXYSJ_01940 | ACXYSJ_01945 | ACXYSJ_01950 | ACXYSJ_03005 | ACXYSJ_04860,ACXYSJ_01940 | ACXYSJ_01945 | ACXYSJ_01950 | ACXYSJ_03005 | PGIDNB_04835,PGIDNB_04835,ACXYSJ_04860
gpr_changed,FBA2,D Fructose 1 phosphate D glyceraldehyde 3 phosphate lyase,Unknown,ACXYSJ_03295,PGIDNB_03300,ACXYSJ_03295,PGIDNB_03300,PGIDNB_03300,ACXYSJ_03295
gpr_changed,FLDR2,Flavodoxin reductase (NADPH),Unknown,RPE_RS19060 and RPE_RS15510,ACXYSJ_05895,RPE_RS15510 | RPE_RS19060,ACXYSJ_05895,ACXYSJ_05895,RPE_RS15510 | RPE_RS19060
gpr_changed,FORt2pp,for transport (p to c),Unknown,RPE_RS02770,,RPE_RS02770,,,RPE_RS02770
gpr_changed,FRUtex,D-fructose transport via diffusion (extracellular to periplasm),Unknown,ACXYSJ_01950 or ACXYSJ_01945 or ACXYSJ_01940 or ACXYSJ_03005 or ACXYSJ_04860,ACXYSJ_01950 or ACXYSJ_01945 or ACXYSJ_01940 or ACXYSJ_03005 or PGIDNB_04835,ACXYSJ_01940 | ACXYSJ_01945 | ACXYSJ_01950 | ACXYSJ_03005 | ACXYSJ_04860,ACXYSJ_01940 | ACXYSJ_01945 | ACXYSJ_01950 | ACXYSJ_03005 | PGIDNB_04835,PGIDNB_04835,ACXYSJ_04860
gpr_changed,G1Ptex,D-glucose 1-phosphate transport via diffusion,Unknown,ACXYSJ_01950 or ACXYSJ_01945 or ACXYSJ_01940 or ACXYSJ_03005 or ACXYSJ_04860,ACXYSJ_01950 or ACXYSJ_01945 or ACXYSJ_01940 or ACXYSJ_03005 or PGIDNB_04835,ACXYSJ_01940 | ACXYSJ_01945 | ACXYSJ_01950 | ACXYSJ_03005 | ACXYSJ_04860,ACXYSJ_01940 | ACXYSJ_01945 | ACXYSJ_01950 | ACXYSJ_03005 | PGIDNB_04835,PGIDNB_04835,ACXYSJ_04860
gpr_changed,G6Pt6_2pp,Glucose-6-phosphate transport via phosphate antiport (periplasm),Unknown,ACXYSJ_01950 or ACXYSJ_01945 or ACXYSJ_01940 or ACXYSJ_03005 or ACXYSJ_04860,ACXYSJ_01950 or ACXYSJ_01945 or ACXYSJ_01940 or ACXYSJ_03005 or PGIDNB_04835,ACXYSJ_01940 | ACXYSJ_01945 | ACXYSJ_01950 | ACXYSJ_03005 | ACXYSJ_04860,ACXYSJ_01940 | ACXYSJ_01945 | ACXYSJ_01950 | ACXYSJ_03005 | PGIDNB_04835,PGIDNB_04835,ACXYSJ_04860
gpr_changed,G6Ptex,Glucose 6-phosphate transport via diffusion (extracellular to periplasm),Unknown,ACXYSJ_01950 or ACXYSJ_01945 or ACXYSJ_01940 or ACXYSJ_03005 or ACXYSJ_04860,ACXYSJ_01950 or ACXYSJ_01945 or ACXYSJ_01940 or ACXYSJ_03005 or PGIDNB_04835,ACXYSJ_01940 | ACXYSJ_01945 | ACXYSJ_01950 | ACXYSJ_03005 | ACXYSJ_04860,ACXYSJ_01940 | ACXYSJ_01945 | ACXYSJ_01950 | ACXYSJ_03005 | PGIDNB_04835,PGIDNB_04835,ACXYSJ_04860
gpr_changed,GALt2pp,D-galactose transport in via proton symport (periplasm),Unknown,ACXYSJ_01950 or ACXYSJ_01945 or ACXYSJ_01940 or ACXYSJ_03005 or ACXYSJ_04860,ACXYSJ_01950 or ACXYSJ_01945 or ACXYSJ_01940 or ACXYSJ_03005 or PGIDNB_04835,ACXYSJ_01940 | ACXYSJ_01945 | ACXYSJ_01950 | ACXYSJ_03005 | ACXYSJ_04860,ACXYSJ_01940 | ACXYSJ_01945 | ACXYSJ_01950 | ACXYSJ_03005 | PGIDNB_04835,PGIDNB_04835,ACXYSJ_04860
gpr_changed,GALtex,D-galactose transport via diffusion (extracellular to periplasm),Unknown,ACXYSJ_01950 or ACXYSJ_01945 or ACXYSJ_01940 or ACXYSJ_03005 or ACXYSJ_04860,ACXYSJ_01950 or ACXYSJ_01945 or ACXYSJ_01940 or ACXYSJ_03005 or PGIDNB_04835,ACXYSJ_01940 | ACXYSJ_01945 | ACXYSJ_01950 | ACXYSJ_03005 | ACXYSJ_04860,ACXYSJ_01940 | ACXYSJ_01945 | ACXYSJ_01950 | ACXYSJ_03005 | PGIDNB_04835,PGIDNB_04835,ACXYSJ_04860
gpr_changed,GLCDBRAN3,Glycogen debranching enzyme,Unknown,RPE_RS06400 or RPE_RS06430,ACXYSJ_07495,RPE_RS06400 | RPE_RS06430,ACXYSJ_07495,ACXYSJ_07495,RPE_RS06400 | RPE_RS06430
gpr_changed,GLCt2pp,D-glucose transport in via proton symport (periplasm),Unknown,ACXYSJ_01950 or ACXYSJ_01945 or ACXYSJ_01940 or ACXYSJ_03005 or ACXYSJ_04860,ACXYSJ_01950 or ACXYSJ_01945 or ACXYSJ_01940 or ACXYSJ_03005 or PGIDNB_04835,ACXYSJ_01940 | ACXYSJ_01945 | ACXYSJ_01950 | ACXYSJ_03005 | ACXYSJ_04860,ACXYSJ_01940 | ACXYSJ_01945 | ACXYSJ_01950 | ACXYSJ_03005 | PGIDNB_04835,PGIDNB_04835,ACXYSJ_04860
gpr_changed,GLUTRR,Glutamyl-tRNA reductase,Cofactor and Prosthetic Group Biosynthesis,ACXYSJ_23905,ACXYSJ_10205,ACXYSJ_23905,ACXYSJ_10205,ACXYSJ_10205,ACXYSJ_23905
gpr_changed,GLYCL,Glycine Cleavage System,Folate Metabolism,RPE_RS08020 and RPE_RS07645 and RPE_RS08025,ACXYSJ_17160,RPE_RS07645 | RPE_RS08020 | RPE_RS08025,ACXYSJ_17160,ACXYSJ_17160,RPE_RS07645 | RPE_RS08020 | RPE_RS08025
gpr_changed,GLYCOGENpp,Glycogen transport via diffusion (periplasm),Unknown,ACXYSJ_01950 or ACXYSJ_01945 or ACXYSJ_01940 or ACXYSJ_03005 or ACXYSJ_04860,ACXYSJ_01950 or ACXYSJ_01945 or ACXYSJ_01940 or ACXYSJ_03005 or PGIDNB_04835,ACXYSJ_01940 | ACXYSJ_01945 | ACXYSJ_01950 | ACXYSJ_03005 | ACXYSJ_04860,ACXYSJ_01940 | ACXYSJ_01945 | ACXYSJ_01950 | ACXYSJ_03005 | PGIDNB_04835,PGIDNB_04835,ACXYSJ_04860
gpr_changed,GLYCOGENtex,Glycogen transport via diffusion (extracellular to periplasm),Unknown,ACXYSJ_01950 or ACXYSJ_01945 or ACXYSJ_01940 or ACXYSJ_03005 or ACXYSJ_04860,ACXYSJ_01950 or ACXYSJ_01945 or ACXYSJ_01940 or ACXYSJ_03005 or PGIDNB_04835,ACXYSJ_01940 | ACXYSJ_01945 | ACXYSJ_01950 | ACXYSJ_03005 | ACXYSJ_04860,ACXYSJ_01940 | ACXYSJ_01945 | ACXYSJ_01950 | ACXYSJ_03005 | PGIDNB_04835,PGIDNB_04835,ACXYSJ_04860
gpr_changed,GM1LIPAabcpp,Geobacter metallireucens modelified lipid A transport via ABC system (periplasm),Unknown,RPE_RS07280,PGIDNB_17685,RPE_RS07280,PGIDNB_17685,PGIDNB_17685,RPE_RS07280
gpr_changed,HACD1i,3-hydroxyacyl-CoA dehydrogenase (acetoacetyl-CoA),Unknown,ACXYSJ_07140 or ACXYSJ_06850,PGIDNB_07085 or ACXYSJ_06850,ACXYSJ_06850 | ACXYSJ_07140,ACXYSJ_06850 | PGIDNB_07085,PGIDNB_07085,ACXYSJ_07140
gpr_changed,HNPSYN,hydroxyneurosporene synthase,Unknown,RPE_RS06655,ACXYSJ_06260,RPE_RS06655,ACXYSJ_06260,ACXYSJ_06260,RPE_RS06655
gpr_changed,IPDPS,1-hydroxy-2-methyl-2-(E)-butenyl 4-diphosphate reductase (ipdp),Unknown,ACXYSJ_05040,PGIDNB_07000 or ACXYSJ_05040,ACXYSJ_05040,ACXYSJ_05040 | PGIDNB_07000,PGIDNB_07000,
gpr_changed,IPDPS_syn,1-hydroxy-2-methyl-2-(E)-butenyl 4-diphosphate reductase (ipdp),Unknown,ACXYSJ_05040,PGIDNB_07000 or ACXYSJ_05040,ACXYSJ_05040,ACXYSJ_05040 | PGIDNB_07000,PGIDNB_07000,
gpr_changed,IPPMIa,3-isopropylmalate dehydratase,Unknown,RPE_RS01610 and RPE_RS01670,ACXYSJ_24200 and ACXYSJ_20970,RPE_RS01610 | RPE_RS01670,ACXYSJ_20970 | ACXYSJ_24200,ACXYSJ_20970 | ACXYSJ_24200,RPE_RS01610 | RPE_RS01670
gpr_changed,IPPMIb,2-isopropylmalate hydratase,Unknown,RPE_RS01610 and RPE_RS01670,ACXYSJ_24200 and ACXYSJ_20970,RPE_RS01610 | RPE_RS01670,ACXYSJ_20970 | ACXYSJ_24200,ACXYSJ_20970 | ACXYSJ_24200,RPE_RS01610 | RPE_RS01670
gpr_changed,K2L4Aabcpp,KDO(2)-lipid IV A transport via ABC system (periplasm),Unknown,RPE_RS07280,PGIDNB_17685,RPE_RS07280,PGIDNB_17685,PGIDNB_17685,RPE_RS07280
gpr_changed,LCLY,"lycopene hydro-lyase (1-hydroxy-1,2-dihydrolycopene-forming)",Unknown,RPE_RS06655,ACXYSJ_06260,RPE_RS06655,ACXYSJ_06260,ACXYSJ_06260,RPE_RS06655
gpr_changed,LIPAabcpp,Lipid A transport via ABC system (periplasm),Unknown,ACXYSJ_24115 or ACXYSJ_01955 or ACXYSJ_02890 or ACXYSJ_03165 or ACXYSJ_18060 or ACXYSJ_15215 or ACXYSJ_20045 or ACXYSJ_20940 or ACXYSJ_15435 or ACXYSJ_08070 or ACXYSJ_15290 or ACXYSJ_13005,ACXYSJ_24115 or ACXYSJ_01955 or ACXYSJ_02890 or ACXYSJ_03165 or ACXYSJ_18060 or ACXYSJ_15215 or PGIDNB_17685 or ACXYSJ_20045 or ACXYSJ_20940 or ACXYSJ_15435 or ACXYSJ_08070 or ACXYSJ_15290 or ACXYSJ_13005,ACXYSJ_01955 | ACXYSJ_02890 | ACXYSJ_03165 | ACXYSJ_08070 | ACXYSJ_13005 | ACXYSJ_15215 | ACXYSJ_15290 | ACXYSJ_15435 | ACXYSJ_18060 | ACXYSJ_20045 | ACXYSJ_20940 | ACXYSJ_24115,ACXYSJ_01955 | ACXYSJ_02890 | ACXYSJ_03165 | ACXYSJ_08070 | ACXYSJ_13005 | ACXYSJ_15215 | ACXYSJ_15290 | ACXYSJ_15435 | ACXYSJ_18060 | ACXYSJ_20045 | ACXYSJ_20940 | ACXYSJ_24115 | PGIDNB_17685,PGIDNB_17685,
gpr_changed,MALT,Alpha glucosidase,Unknown,ACXYSJ_22200,PGIDNB_22045,ACXYSJ_22200,PGIDNB_22045,PGIDNB_22045,ACXYSJ_22200
gpr_changed,MALTTRtexi,Maltotriose transport via diffusion (extracellular to periplasm) irreversible,Unknown,ACXYSJ_01950 or ACXYSJ_01945 or ACXYSJ_01940 or ACXYSJ_03005 or ACXYSJ_04860,ACXYSJ_01950 or ACXYSJ_01945 or ACXYSJ_01940 or ACXYSJ_03005 or PGIDNB_04835,ACXYSJ_01940 | ACXYSJ_01945 | ACXYSJ_01950 | ACXYSJ_03005 | ACXYSJ_04860,ACXYSJ_01940 | ACXYSJ_01945 | ACXYSJ_01950 | ACXYSJ_03005 | PGIDNB_04835,PGIDNB_04835,ACXYSJ_04860
gpr_changed,MALTtexi,MaltoseMaltotriose transport via diffusion (extracellular to periplasm) irreversible,Unknown,ACXYSJ_01950 or ACXYSJ_01945 or ACXYSJ_01940 or ACXYSJ_03005 or ACXYSJ_04860,ACXYSJ_01950 or ACXYSJ_01945 or ACXYSJ_01940 or ACXYSJ_03005 or PGIDNB_04835,ACXYSJ_01940 | ACXYSJ_01945 | ACXYSJ_01950 | ACXYSJ_03005 | ACXYSJ_04860,ACXYSJ_01940 | ACXYSJ_01945 | ACXYSJ_01950 | ACXYSJ_03005 | PGIDNB_04835,PGIDNB_04835,ACXYSJ_04860
gpr_changed,MCOATA,Malonyl-CoA-ACP transacylase,Unknown,RPE_RS21280,ACXYSJ_24455,RPE_RS21280,ACXYSJ_24455,ACXYSJ_24455,RPE_RS21280
gpr_changed,MLTG1,Maltodextrin glucosidase (maltotriose),Unknown,ACXYSJ_22200,PGIDNB_22045,ACXYSJ_22200,PGIDNB_22045,PGIDNB_22045,ACXYSJ_22200
gpr_changed,MLTG3,Maltodextrin glucosidase (maltopentaose),Unknown,ACXYSJ_22200,PGIDNB_22045,ACXYSJ_22200,PGIDNB_22045,PGIDNB_22045,ACXYSJ_22200
gpr_changed,MLTG5,Maltodextrin glucosidase (maltoheptaose),Unknown,ACXYSJ_22200,PGIDNB_22045,ACXYSJ_22200,PGIDNB_22045,PGIDNB_22045,ACXYSJ_22200
gpr_changed,NTRNO,nitrite reductase (NO-forming),Unknown,RPE_RS03105,ACXYSJ_19765,RPE_RS03105,ACXYSJ_19765,ACXYSJ_19765,RPE_RS03105
gpr_changed,OCTDPS,Octaprenyl pyrophosphate synthase,Unknown,RPE_RS15565,ACXYSJ_06930,RPE_RS15565,ACXYSJ_06930,ACXYSJ_06930,RPE_RS15565
gpr_changed,PA120abcpp,"Phosphatidate transport via ABC system (n-C12:0, periplasm)",Unknown,RPE_RS07280,PGIDNB_17685,RPE_RS07280,PGIDNB_17685,PGIDNB_17685,RPE_RS07280
gpr_changed,PA161abcpp,"Phosphatidate transport via ABC system (n-C16:1, periplasm)",Unknown,RPE_RS07280,PGIDNB_17685,RPE_RS07280,PGIDNB_17685,PGIDNB_17685,RPE_RS07280
gpr_changed,PA180abcpp,"Phosphatidate transport via ABC system (n-C18:0, periplasm)",Unknown,RPE_RS07280,PGIDNB_17685,RPE_RS07280,PGIDNB_17685,PGIDNB_17685,RPE_RS07280
gpr_changed,PA181abcpp,"Phosphatidate transport via ABC system (n-C18:1, periplasm)",Unknown,RPE_RS07280,PGIDNB_17685,RPE_RS07280,PGIDNB_17685,PGIDNB_17685,RPE_RS07280
gpr_changed,PDE1,"3',5'-cyclic-nucleotide phosphodiesterase",Unknown,ACXYSJ_02080 or ACXYSJ_08615,ACXYSJ_02080 or PGIDNB_08535,ACXYSJ_02080 | ACXYSJ_08615,ACXYSJ_02080 | PGIDNB_08535,PGIDNB_08535,ACXYSJ_08615
gpr_changed,PDE4,"3',5'-cyclic-nucleotide phosphodiesterase",Unknown,ACXYSJ_02080 or ACXYSJ_08615,ACXYSJ_02080 or PGIDNB_08535,ACXYSJ_02080 | ACXYSJ_08615,ACXYSJ_02080 | PGIDNB_08535,PGIDNB_08535,ACXYSJ_08615
gpr_changed,PE120abcpp,"Phosphatidylethanolamine transport via ABC system (n-C12:0, periplasm)",Unknown,RPE_RS07280,PGIDNB_17685,RPE_RS07280,PGIDNB_17685,PGIDNB_17685,RPE_RS07280
gpr_changed,PE141abcpp,"Phosphatidylethanolamine transport via ABC system (n-C14:1, periplasm)",Unknown,RPE_RS07280,PGIDNB_17685,RPE_RS07280,PGIDNB_17685,PGIDNB_17685,RPE_RS07280
gpr_changed,PE161abcpp,"Phosphatidylethanolamine transport via ABC system (n-C16:1, periplasm)",Unknown,RPE_RS07280,PGIDNB_17685,RPE_RS07280,PGIDNB_17685,PGIDNB_17685,RPE_RS07280
gpr_changed,PE180abcpp,"Phosphatidylethanolamine transport via ABC system (n-C18:0, periplasm)",Unknown,RPE_RS07280,PGIDNB_17685,RPE_RS07280,PGIDNB_17685,PGIDNB_17685,RPE_RS07280
gpr_changed,PG141abcpp,"Phosphatidylglycerol transport via ABC system (n-C14:1, periplasm)",Unknown,RPE_RS07280,PGIDNB_17685,RPE_RS07280,PGIDNB_17685,PGIDNB_17685,RPE_RS07280
gpr_changed,PG160abcpp,"Phosphatidylglycerol transport via ABC system (n-C16:0, periplasm)",Unknown,RPE_RS07280,PGIDNB_17685,RPE_RS07280,PGIDNB_17685,PGIDNB_17685,RPE_RS07280
gpr_changed,PGP141abcpp,"Phosphatidylglycerophosphate transport via ABC system (n-C14:1, periplasm)",Unknown,RPE_RS07280,PGIDNB_17685,RPE_RS07280,PGIDNB_17685,PGIDNB_17685,RPE_RS07280
gpr_changed,PGP161abcpp,"Phosphatidylglycerophosphate transport via ABC system (n-C16:1, periplasm)",Unknown,RPE_RS07280,PGIDNB_17685,RPE_RS07280,PGIDNB_17685,PGIDNB_17685,RPE_RS07280
gpr_changed,PGP181abcpp,"Phosphatidylglycerophosphate transport via ABC system (n-C18:1, periplasm)",Unknown,RPE_RS07280,PGIDNB_17685,RPE_RS07280,PGIDNB_17685,PGIDNB_17685,RPE_RS07280
gpr_changed,PGPS_OLE_PALM,Phosphatidylglycerol phosphate synthetase (18:1(9Z)/16:0),Unknown,ACXYSJ_20225,ACXYSJ_20225 or PGIDNB_10710,ACXYSJ_20225,ACXYSJ_20225 | PGIDNB_10710,PGIDNB_10710,
gpr_changed,POR5,Pyruvate synthase,Unknown,RPE_RS03835 and RPE_RS15510,ACXYSJ_21985,RPE_RS03835 | RPE_RS15510,ACXYSJ_21985,ACXYSJ_21985,RPE_RS03835 | RPE_RS15510
gpr_changed,PPA2,Inorganic triphosphatase,Unknown,RPE_RS23265,ACXYSJ_05120,RPE_RS23265,ACXYSJ_05120,ACXYSJ_05120,RPE_RS23265
gpr_changed,PPK2r,Polyphosphate kinase,Unknown,RPE_RS11060 or RPE_RS16455,PGIDNB_10710,RPE_RS11060 | RPE_RS16455,PGIDNB_10710,PGIDNB_10710,RPE_RS11060 | RPE_RS16455
gpr_changed,PRE3BS,Precorrin-3B synthase,Unknown,RPE_RS11180,ACXYSJ_14385,RPE_RS11180,ACXYSJ_14385,ACXYSJ_14385,RPE_RS11180
gpr_changed,R05219,Precorrin 5 <=> Precorrin 6X,Unknown,RPE_RS11190,ACXYSJ_14370,RPE_RS11190,ACXYSJ_14370,ACXYSJ_14370,RPE_RS11190
gpr_changed,R05224_1,"Hydrogenobyrinate  <=> Hydrogenobyrinate a,c diamide",Unknown,RPE_RS10975,ACXYSJ_01135,RPE_RS10975,ACXYSJ_01135,ACXYSJ_01135,RPE_RS10975
gpr_changed,RIBtex,Ribose transport via diffusion (extracellular to periplasm),Unknown,ACXYSJ_01950 or ACXYSJ_01945 or ACXYSJ_01940 or ACXYSJ_03005 or ACXYSJ_04860,ACXYSJ_01950 or ACXYSJ_01945 or ACXYSJ_01940 or ACXYSJ_03005 or PGIDNB_04835,ACXYSJ_01940 | ACXYSJ_01945 | ACXYSJ_01950 | ACXYSJ_03005 | ACXYSJ_04860,ACXYSJ_01940 | ACXYSJ_01945 | ACXYSJ_01950 | ACXYSJ_03005 | PGIDNB_04835,PGIDNB_04835,ACXYSJ_04860
gpr_changed,RZ5PP,Alpha-ribazole 5-phosphate phosphatase,Unknown,RPE_RS19235,ACXYSJ_08895,RPE_RS19235,ACXYSJ_08895,ACXYSJ_08895,RPE_RS19235
gpr_changed,S2FE2SS,SUF [2Fe-2S] Synthesis,Unknown,RPE_RS14880 and RPE_RS14885 and RPE_RS14890 and RPE_RS14895 and RPE_RS14900 and RPE_RS14910,ACXYSJ_13550 and ACXYSJ_13555 and ACXYSJ_13560 and ACXYSJ_13565 and ACXYSJ_13570 and ACXYSJ_13575,RPE_RS14880 | RPE_RS14885 | RPE_RS14890 | RPE_RS14895 | RPE_RS14900 | RPE_RS14910,ACXYSJ_13550 | ACXYSJ_13555 | ACXYSJ_13560 | ACXYSJ_13565 | ACXYSJ_13570 | ACXYSJ_13575,ACXYSJ_13550 | ACXYSJ_13555 | ACXYSJ_13560 | ACXYSJ_13565 | ACXYSJ_13570 | ACXYSJ_13575,RPE_RS14880 | RPE_RS14885 | RPE_RS14890 | RPE_RS14895 | RPE_RS14900 | RPE_RS14910
gpr_changed,S2FE2SS2,SUF [2Fe-2S] Synthesis II,Unknown,RPE_RS14880 and RPE_RS14885 and RPE_RS14890 and RPE_RS14895 and RPE_RS14900 and RPE_RS14910,ACXYSJ_13550 and ACXYSJ_13555 and ACXYSJ_13560 and ACXYSJ_13565 and ACXYSJ_13570 and ACXYSJ_13575,RPE_RS14880 | RPE_RS14885 | RPE_RS14890 | RPE_RS14895 | RPE_RS14900 | RPE_RS14910,ACXYSJ_13550 | ACXYSJ_13555 | ACXYSJ_13560 | ACXYSJ_13565 | ACXYSJ_13570 | ACXYSJ_13575,ACXYSJ_13550 | ACXYSJ_13555 | ACXYSJ_13560 | ACXYSJ_13565 | ACXYSJ_13570 | ACXYSJ_13575,RPE_RS14880 | RPE_RS14885 | RPE_RS14890 | RPE_RS14895 | RPE_RS14900 | RPE_RS14910
gpr_changed,SCYSDS,SUF Cysteine desulfuration,Unknown,RPE_RS14890 and RPE_RS14895,ACXYSJ_13560 and ACXYSJ_13565,RPE_RS14890 | RPE_RS14895,ACXYSJ_13560 | ACXYSJ_13565,ACXYSJ_13560 | ACXYSJ_13565,RPE_RS14890 | RPE_RS14895
gpr_changed,SERAT,Serine O-acetyltransferase,Unknown,RPE_RS15960,ACXYSJ_08490,RPE_RS15960,ACXYSJ_08490,ACXYSJ_08490,RPE_RS15960
gpr_changed,SFGTHi,S-Formylglutathione hydralase,Unknown,RPE_RS23395,ACXYSJ_01170,RPE_RS23395,ACXYSJ_01170,ACXYSJ_01170,RPE_RS23395
gpr_changed,SUCOAS,Succinyl-CoA synthetase (ADP-forming),Unknown,RPE_RS16045 and RPE_RS16050,ACXYSJ_24075 and ACXYSJ_24090,RPE_RS16045 | RPE_RS16050,ACXYSJ_24075 | ACXYSJ_24090,ACXYSJ_24075 | ACXYSJ_24090,RPE_RS16045 | RPE_RS16050
gpr_changed,SUCR,Sucrose hydrolyzing enzyme,Unknown,ACXYSJ_22200,PGIDNB_22045,ACXYSJ_22200,PGIDNB_22045,PGIDNB_22045,ACXYSJ_22200
gpr_changed,SUCRtex,Sucrose transport transport via diffusion (extracellular to periplasm),Unknown,ACXYSJ_01950 or ACXYSJ_01945 or ACXYSJ_01940 or ACXYSJ_03005 or ACXYSJ_04860,ACXYSJ_01950 or ACXYSJ_01945 or ACXYSJ_01940 or ACXYSJ_03005 or PGIDNB_04835,ACXYSJ_01940 | ACXYSJ_01945 | ACXYSJ_01950 | ACXYSJ_03005 | ACXYSJ_04860,ACXYSJ_01940 | ACXYSJ_01945 | ACXYSJ_01950 | ACXYSJ_03005 | PGIDNB_04835,PGIDNB_04835,ACXYSJ_04860
gpr_changed,SULR_2,Ferredoxin-sulfite reductase,Unknown,RPE_RS25295,ACXYSJ_21185,RPE_RS25295,ACXYSJ_21185,ACXYSJ_21185,RPE_RS25295
gpr_changed,SULabc,Sulfate transport via ABC system,Unknown,RPE_RS08840 and RPE_RS08845 and RPE_RS08850 and RPE_RS19285,ACXYSJ_19790 and ACXYSJ_19785 and ACXYSJ_19780 and ACXYSJ_18885,RPE_RS08840 | RPE_RS08845 | RPE_RS08850 | RPE_RS19285,ACXYSJ_18885 | ACXYSJ_19780 | ACXYSJ_19785 | ACXYSJ_19790,ACXYSJ_18885 | ACXYSJ_19780 | ACXYSJ_19785 | ACXYSJ_19790,RPE_RS08840 | RPE_RS08845 | RPE_RS08850 | RPE_RS19285
gpr_changed,THBTGT,UDP-glucose:tetrahydrobiopterin glucosyltransferase,Unknown,RPE_RS04050 or RPE_RS05810,ACXYSJ_17670 or ACXYSJ_23970,RPE_RS04050 | RPE_RS05810,ACXYSJ_17670 | ACXYSJ_23970,ACXYSJ_17670 | ACXYSJ_23970,RPE_RS04050 | RPE_RS05810
gpr_changed,THRPDC,L threonine phosphate decarboxylase,Unknown,RPE_RS11240,ACXYSJ_20390,RPE_RS11240,ACXYSJ_20390,ACXYSJ_20390,RPE_RS11240
gpr_changed,TMDS3,Thymidylate synthase (FAD dependent),Unknown,RPE_RS10775,ACXYSJ_08150,RPE_RS10775,ACXYSJ_08150,ACXYSJ_08150,RPE_RS10775
gpr_changed,TRDR,Thioredoxin reductase (NADPH),Unknown,RPE_RS22440,ACXYSJ_19390,RPE_RS22440,ACXYSJ_19390,ACXYSJ_19390,RPE_RS22440
gpr_changed,TRE6PH,Trehalose-6-phosphate hydrolase,Unknown,ACXYSJ_22200,PGIDNB_22045,ACXYSJ_22200,PGIDNB_22045,PGIDNB_22045,ACXYSJ_22200
gpr_changed,TREHpp,"Alpha,alpha-trehalase (periplasm)",Unknown,ACXYSJ_01950 or ACXYSJ_01945 or ACXYSJ_01940 or ACXYSJ_03005 or ACXYSJ_04860,ACXYSJ_01950 or ACXYSJ_01945 or ACXYSJ_01940 or ACXYSJ_03005 or PGIDNB_04835,ACXYSJ_01940 | ACXYSJ_01945 | ACXYSJ_01950 | ACXYSJ_03005 | ACXYSJ_04860,ACXYSJ_01940 | ACXYSJ_01945 | ACXYSJ_01950 | ACXYSJ_03005 | PGIDNB_04835,PGIDNB_04835,ACXYSJ_04860
gpr_changed,TREtex,Trehalose transport via diffusion (extracellular to periplasm),Unknown,ACXYSJ_01950 or ACXYSJ_01945 or ACXYSJ_01940 or ACXYSJ_03005 or ACXYSJ_04860,ACXYSJ_01950 or ACXYSJ_01945 or ACXYSJ_01940 or ACXYSJ_03005 or PGIDNB_04835,ACXYSJ_01940 | ACXYSJ_01945 | ACXYSJ_01950 | ACXYSJ_03005 | ACXYSJ_04860,ACXYSJ_01940 | ACXYSJ_01945 | ACXYSJ_01950 | ACXYSJ_03005 | PGIDNB_04835,PGIDNB_04835,ACXYSJ_04860
gpr_changed,UPP3S,Uroporphyrinogen-III synthase,Unknown,RPE_RS21085,ACXYSJ_14440,RPE_RS21085,ACXYSJ_14440,ACXYSJ_14440,RPE_RS21085
gpr_changed,XYLt2pp,D-xylose transport in via proton symport (periplasm),Unknown,ACXYSJ_01950 or ACXYSJ_01945 or ACXYSJ_01940 or ACXYSJ_03005 or ACXYSJ_04860,ACXYSJ_01950 or ACXYSJ_01945 or ACXYSJ_01940 or ACXYSJ_03005 or PGIDNB_04835,ACXYSJ_01940 | ACXYSJ_01945 | ACXYSJ_01950 | ACXYSJ_03005 | ACXYSJ_04860,ACXYSJ_01940 | ACXYSJ_01945 | ACXYSJ_01950 | ACXYSJ_03005 | PGIDNB_04835,PGIDNB_04835,ACXYSJ_04860
gpr_changed,XYLtex,D-xylose transport via diffusion (extracellular to periplasm),Unknown,ACXYSJ_01950 or ACXYSJ_01945 or ACXYSJ_01940 or ACXYSJ_03005 or ACXYSJ_04860,ACXYSJ_01950 or ACXYSJ_01945 or ACXYSJ_01940 or ACXYSJ_03005 or PGIDNB_04835,ACXYSJ_01940 | ACXYSJ_01945 | ACXYSJ_01950 | ACXYSJ_03005 | ACXYSJ_04860,ACXYSJ_01940 | ACXYSJ_01945 | ACXYSJ_01950 | ACXYSJ_03005 | PGIDNB_04835,PGIDNB_04835,ACXYSJ_04860
removed_reaction,2HPTCOAT,"2-hydroxycyclohepta-1,4,6-triene-1-carboxyl-CoA thioesterase",Unknown,RPE_RS04965 and RPE_RS14350,,RPE_RS04965 | RPE_RS14350,,,RPE_RS04965 | RPE_RS14350
removed_reaction,3SLAR,3-sulfolactaldehyde reductase,Unknown,ACXYSJ_08430,,ACXYSJ_08430,,,ACXYSJ_08430
removed_reaction,4OXATM,4-oxalomesaconate tautomerase,Unknown,ACXYSJ_21835,,ACXYSJ_21835,,,ACXYSJ_21835
removed_reaction,5OXPROpp,L oxoproline transport via diffusion (periplasm to cytosol),Unknown,ACXYSJ_02955,,ACXYSJ_02955,,,ACXYSJ_02955
removed_reaction,5OXPROtex,L oxoproline transport via diffusion extracellular,Unknown,ACXYSJ_02955,,ACXYSJ_02955,,,ACXYSJ_02955
removed_reaction,6D6SFK,6-deoxy-6-sulfofructose kinase,Unknown,RPE_RS24065,,RPE_RS24065,,,RPE_RS24065
removed_reaction,ACALD,Acetaldehyde dehydrogenase (acetylating),Unknown,RPE_RS18485,,RPE_RS18485,,,RPE_RS18485
removed_reaction,ACGAMT,UDP-N-acetylglucosamine:undecaprenylphosphate N-acetylglucosamine -1-phosphate transferase,Unknown,RPE_RS21070,,RPE_RS21070,,,RPE_RS21070
removed_reaction,ACOATA,Acetyl-CoA ACP transacylase,Unknown,ACXYSJ_10365,,ACXYSJ_10365,,,ACXYSJ_10365
removed_reaction,ADHEr,Acetaldehyde dehydrogenase,Unknown,RPE_RS16055 or RPE_RS18485,,RPE_RS16055 | RPE_RS18485,,,RPE_RS16055 | RPE_RS18485
removed_reaction,ADNCYC,Adenylate cyclase,Unknown,RPE_RS04505,,RPE_RS04505,,,RPE_RS04505
removed_reaction,ADPRDP,ADPribose diphosphatase,Unknown,RPE_RS18805,,RPE_RS18805,,,RPE_RS18805
removed_reaction,ADPT2,Adenine phosphoribosyltransferase,Unknown,RPE_RS22200,,RPE_RS22200,,,RPE_RS22200
removed_reaction,ALAt2pp,L-alanine transport in via proton symport (periplasm),Unknown,RPE_RS02965 or RPE_RS05030 or RPE_RS05035,,RPE_RS02965 | RPE_RS05030 | RPE_RS05035,,,RPE_RS02965 | RPE_RS05030 | RPE_RS05035
removed_reaction,ALDD3y,"Aldehyde dehydrogenase (propanal, NADP)",Unknown,RPE_RS21155,,RPE_RS21155,,,RPE_RS21155
removed_reaction,AMALT1,Amylomaltase (maltotriose),Unknown,RPE_RS18595,,RPE_RS18595,,,RPE_RS18595
removed_reaction,AMALT2,Amylomaltase (maltotetraose),Unknown,RPE_RS18595,,RPE_RS18595,,,RPE_RS18595
removed_reaction,AMALT3,Amylomaltase (maltopentaose),Unknown,RPE_RS18595,,RPE_RS18595,,,RPE_RS18595
removed_reaction,AMALT4,Amylomaltase (maltohexaose),Unknown,RPE_RS18595,,RPE_RS18595,,,RPE_RS18595
removed_reaction,AMMQT8,AMMQT8,Unknown,RPE_RS15240,,RPE_RS15240,,,RPE_RS15240
removed_reaction,APH140,Acylphosphatase (C14:0),Unknown,RPE_RS17230,,RPE_RS17230,,,RPE_RS17230
removed_reaction,APH160,Acylphosphatase (C16:0),Unknown,RPE_RS17230,,RPE_RS17230,,,RPE_RS17230
removed_reaction,APH180,Acylphosphatase (C18:0),Unknown,RPE_RS17230,,RPE_RS17230,,,RPE_RS17230
removed_reaction,ARGN_1,Arginase,Unknown,ACXYSJ_22035,,ACXYSJ_22035,,,ACXYSJ_22035
removed_reaction,ASNS1,Asparagine synthase (glutamine-hydrolysing),Unknown,RPE_RS02905,,RPE_RS02905,,,RPE_RS02905
removed_reaction,ASNS2,Asparagine synthetase,Unknown,RPE_RS02905,,RPE_RS02905,,,RPE_RS02905
removed_reaction,ASPT,L-aspartase,Unknown,ACXYSJ_08115,,ACXYSJ_08115,,,ACXYSJ_08115
removed_reaction,ASPt2pp,L-aspartate transport in via proton symport (periplasm),Unknown,ACXYSJ_02955,,ACXYSJ_02955,,,ACXYSJ_02955
removed_reaction,CA2abcpp,Calcium transport via ABC system (periplasm),Unknown,RPE_RS20465,,RPE_RS20465,,,RPE_RS20465
removed_reaction,CAt4,CAt4,Unknown,RPE_RS20465,,RPE_RS20465,,,RPE_RS20465
removed_reaction,CBL1tonex,Cob(1)alamin transport via ton system (extermal),Unknown,RPE_RS15775 and RPE_RS15780 and RPE_RS15785,,RPE_RS15775 | RPE_RS15780 | RPE_RS15785,,,RPE_RS15775 | RPE_RS15780 | RPE_RS15785
removed_reaction,CD2abc1,CD2abc1,Unknown,RPE_RS19390,,RPE_RS19390,,,RPE_RS19390
removed_reaction,CHOLD,Choline dehydrogenase,Unknown,RPE_RS18485,,RPE_RS18485,,,RPE_RS18485
removed_reaction,CITCIb,3-methylmalate hydratase,Unknown,RPE_RS01610 and RPE_RS01670,,RPE_RS01610 | RPE_RS01670,,,RPE_RS01610 | RPE_RS01670
removed_reaction,CITL,Citrate lyase,Unknown,RPE_RS17190 and RPE_RS17180 and RPE_RS17185,,RPE_RS17180 | RPE_RS17185 | RPE_RS17190,,,RPE_RS17180 | RPE_RS17185 | RPE_RS17190
removed_reaction,COBALT2abcpp,Cobalt (Co+2) ABC transporter (periplasm),Unknown,RPE_RS11195,,RPE_RS11195,,,RPE_RS11195
removed_reaction,CYANSTpp,Cyanide sulfurtransferase (periplasmic),Unknown,RPE_RS06345,,RPE_RS06345,,,RPE_RS06345
removed_reaction,CYO1b2_syn,"Cytochrome c oxidase, synechocystis (2 protons)",Unknown,RPE_RS19335 or RPE_RS19340,,RPE_RS19335 | RPE_RS19340,,,RPE_RS19335 | RPE_RS19340
removed_reaction,CYO1bpp_syn,"Cytochrome c oxidase, synechocystis (2 protons)",Unknown,RPE_RS19335 or RPE_RS19340,,RPE_RS19335 | RPE_RS19340,,,RPE_RS19335 | RPE_RS19340
removed_reaction,CYOO2pp,Cytochrome-c oxidase (2 protons translocated) periplasm,Unknown,RPE_RS03115 and RPE_RS19335 and RPE_RS19340 and RPE_RS23735 and RPE_RS23740 and RPE_RS23760,,RPE_RS03115 | RPE_RS19335 | RPE_RS19340 | RPE_RS23735 | RPE_RS23740 | RPE_RS23760,,,RPE_RS03115 | RPE_RS19335 | RPE_RS19340 | RPE_RS23735 | RPE_RS23740 | RPE_RS23760
removed_reaction,CYSS,Cysteine synthase,Unknown,RPE_RS18150,,RPE_RS18150,,,RPE_RS18150
removed_reaction,DMSOR1pp,Dimethyl sulfoxide reductase (Menaquinol 8) (periplasm),Unknown,RPE_RS20710,,RPE_RS20710,,,RPE_RS20710
removed_reaction,DMSOR2pp,Dimethyl sulfoxide reductase (Demethylmenaquinol 8) (periplasm),Unknown,RPE_RS20710,,RPE_RS20710,,,RPE_RS20710
removed_reaction,DNMPPA,Dihydroneopterin monophosphate dephosphorylase,Unknown,RPE_RS17300,,RPE_RS17300,,,RPE_RS17300
removed_reaction,DRBK,Deoxyribokinase,Unknown,RPE_RS24065,,RPE_RS24065,,,RPE_RS24065
removed_reaction,DUTPDP,DUTP diphosphatase,Unknown,RPE_RS17300,,RPE_RS17300,,,RPE_RS17300
removed_reaction,E4PD,Erythrose 4-phosphate dehydrogenase,Unknown,ACXYSJ_24275,,ACXYSJ_24275,,,ACXYSJ_24275
removed_reaction,ETHAAL,Ethanolamine ammonia-lyase,Unknown,RPE_RS09090 and RPE_RS09100,,RPE_RS09090 | RPE_RS09100,,,RPE_RS09090 | RPE_RS09100
removed_reaction,ETHSO3abcpp,Ethanesulfonate transport via ABC system (periplasm),Unknown,RPE_RS16005 and RPE_RS15995 and RPE_RS16010,,RPE_RS15995 | RPE_RS16005 | RPE_RS16010,,,RPE_RS15995 | RPE_RS16005 | RPE_RS16010
removed_reaction,FACOAL40It2pp,Fatty-acid--CoA ligase (isobutanoate transport via vectoral Co-A coupling),Unknown,RPE_RS02895,,RPE_RS02895,,,RPE_RS02895
removed_reaction,FACOAL40t2pp,Fatty-acid--CoA ligase (butanoate transport via vectoral Co-A coupling),Unknown,RPE_RS02895,,RPE_RS02895,,,RPE_RS02895
removed_reaction,FACOAL50It2pp,Fatty-acid--CoA ligase (isovalerate transport via vectoral Co-A coupling),Unknown,RPE_RS02895,,RPE_RS02895,,,RPE_RS02895
removed_reaction,FADRx,FAD reductase,Unknown,RPE_RS16015,,RPE_RS16015,,,RPE_RS16015
removed_reaction,FDH4pp,Formate dehydrogenase (quinone-8) (periplasm),Unknown,RPE_RS06360,,RPE_RS06360,,,RPE_RS06360
removed_reaction,FDH5pp,Formate Dehydrogenase (menaquinone-8) (periplasm),Unknown,RPE_RS06360,,RPE_RS06360,,,RPE_RS06360
removed_reaction,FDMO1,FMN dependent monooxygenase  ethanesulfonate,Unknown,RPE_RS16000,,RPE_RS16000,,,RPE_RS16000
removed_reaction,FDMO2,FMNH2-dependent monooxygenase (methanesulfonate),Unknown,RPE_RS16000,,RPE_RS16000,,,RPE_RS16000
removed_reaction,FDMO2_1,FMN dependent monooxygenase  butanesulfonate,Unknown,RPE_RS16000,,RPE_RS16000,,,RPE_RS16000
removed_reaction,FDMO3,FMNH2-dependent monooxygenase (ethanesulfonate),Unknown,RPE_RS16000,,RPE_RS16000,,,RPE_RS16000
removed_reaction,FDMO3_1,FMN dependent monooxygenase  hexanesulfonate,Unknown,RPE_RS16000,,RPE_RS16000,,,RPE_RS16000
removed_reaction,FDMO4,FMNH2-dependent monooxygenase (butanesulfonate),Unknown,RPE_RS16000,,RPE_RS16000,,,RPE_RS16000
removed_reaction,FDMO4_1,FMN dependent monooxygenase  taurine,Unknown,RPE_RS16000,,RPE_RS16000,,,RPE_RS16000
removed_reaction,FDMO5_1,FMN dependent monooxygenase  sulfoacetate,Unknown,RPE_RS16000,,RPE_RS16000,,,RPE_RS16000
removed_reaction,FDMO6,FMNH2-dependent monooxygenase (sulfoacetate),Unknown,RPE_RS16000,,RPE_RS16000,,,RPE_RS16000
removed_reaction,FDMO6_1,FMN dependent monooxygenase  isethionate,Unknown,RPE_RS16000,,RPE_RS16000,,,RPE_RS16000
removed_reaction,FDMO_1,FmnRD dependent monooxygenase  methanesulfonate,Unknown,RPE_RS16000,,RPE_RS16000,,,RPE_RS16000
removed_reaction,FDMOtau,FDMOtau,Unknown,RPE_RS16000,,RPE_RS16000,,,RPE_RS16000
removed_reaction,FE3HOXabcpp,Ferric-dicitrate transport via ABC system (periplasm),Unknown,RPE_RS15775 and RPE_RS15780 and RPE_RS15785,,RPE_RS15775 | RPE_RS15780 | RPE_RS15785,,,RPE_RS15775 | RPE_RS15780 | RPE_RS15785
removed_reaction,FEENTER2tpp,Enterochelin transport2 via ABC system periplasm,Unknown,RPE_RS17585,,RPE_RS17585,,,RPE_RS17585
removed_reaction,FNOR_1,Ferredoxin:NADPH oxidoreductase,Unknown,RPE_RS06360,,RPE_RS06360,,,RPE_RS06360
removed_reaction,FOLR2,FOLR2,Unknown,RPE_RS10920,,RPE_RS10920,,,RPE_RS10920
removed_reaction,FORtppi,Formate transport via diffusion (cytoplasm to periplasm),Unknown,RPE_RS02770,,RPE_RS02770,,,RPE_RS02770
removed_reaction,FTHFCL,5 formethyltetrahydrofolate cyclo ligase,Unknown,RPE_RS23860,,RPE_RS23860,,,RPE_RS23860
removed_reaction,G1PCTYT,Alpha-D-glucose cytidylyltransferase,Unknown,RPE_RS21250,,RPE_RS21250,,,RPE_RS21250
removed_reaction,G1PTT,Glucose-1-phosphate thymidylyltransferase,Unknown,RPE_RS21225,,RPE_RS21225,,,RPE_RS21225
removed_reaction,G3PT,Glycerol-3-phosphatase,Unknown,RPE_RS18585,,RPE_RS18585,,,RPE_RS18585
removed_reaction,G5SD,Glutamate-5-semialdehyde dehydrogenase,Unknown,ACXYSJ_23905,,ACXYSJ_23905,,,ACXYSJ_23905
removed_reaction,GCALDD,Glycolaldehyde dehydrogenase,Unknown,RPE_RS19460,,RPE_RS19460,,,RPE_RS19460
removed_reaction,GCCa,Glycine-cleavage complex,Unknown,ACXYSJ_17160,,ACXYSJ_17160,,,ACXYSJ_17160
removed_reaction,GHBDHx,Gamma-hydroxybutyrate dehydrogenase (NADH),Unknown,ACXYSJ_08430,,ACXYSJ_08430,,,ACXYSJ_08430
removed_reaction,GLUK_syn,Glucokinase,Unknown,RPE_RS23070,,RPE_RS23070,,,RPE_RS23070
removed_reaction,GLUtex,L-glutamate transport via diffusion (extracellular to periplasm),Unknown,ACXYSJ_02955,,ACXYSJ_02955,,,ACXYSJ_02955
removed_reaction,GLYALDDy,Alcohol dehydrogenase (glycerol/NADPH utilizing),Unknown,RPE_RS10455,,RPE_RS10455,,,RPE_RS10455
removed_reaction,GLYCK,Glycerate kinase,Unknown,RPE_RS18620,,RPE_RS18620,,,RPE_RS18620
removed_reaction,GLYCK2,Glycerate kinase,Unknown,RPE_RS18620,,RPE_RS18620,,,RPE_RS18620
removed_reaction,GLYOX_1,Glyoxalase I; Ni-dependent,Unknown,ACXYSJ_13155,,ACXYSJ_13155,,,ACXYSJ_13155
removed_reaction,GTHPi,Glutathione peridoxase,Unknown,RPE_RS12030,,RPE_RS12030,,,RPE_RS12030
removed_reaction,GTPH1,GTP diphosphohydrolase,Unknown,RPE_RS18680,,RPE_RS18680,,,RPE_RS18680
removed_reaction,HACD1_2,3 hydroxyacyl CoA dehydrogenase  acetoacetyl CoA,Unknown,ACXYSJ_22125,,ACXYSJ_22125,,,ACXYSJ_22125
removed_reaction,HACD8i,3-hydroxyacyl-CoA dehydrogenase (3-oxooctadecanoyl-CoA),Unknown,RPE_RS06055 or RPE_RS16160,,RPE_RS06055 | RPE_RS16160,,,RPE_RS06055 | RPE_RS16160
removed_reaction,HADPCOADH3,3-hydroxyadipyl-CoA dehydrogenase (NAD+),Unknown,ACXYSJ_22125,,ACXYSJ_22125,,,ACXYSJ_22125
removed_reaction,HEX1,Hexokinase (D-glucose:ATP),Unknown,RPE_RS23070,,RPE_RS23070,,,RPE_RS23070
removed_reaction,HKNDDH,"2-hydroxy-6-ketonona-2,4-dienedioic acid hydrolase",Unknown,RPE_RS18230 or RPE_RS24735,,RPE_RS18230 | RPE_RS24735,,,RPE_RS18230 | RPE_RS24735
removed_reaction,HKNTDH,2-hydroxy-6-ketononotrienedioate hydrolase,Unknown,RPE_RS18230 or RPE_RS24735,,RPE_RS18230 | RPE_RS24735,,,RPE_RS18230 | RPE_RS24735
removed_reaction,HPACOAT,Hydroxyphenylacetyl-CoA thioesterase,Unknown,RPE_RS05015,,RPE_RS05015,,,RPE_RS05015
removed_reaction,HXAND,Hypoxanthine dehydrogenase,Unknown,RPE_RS16100 and RPE_RS16110 and RPE_RS16105,,RPE_RS16100 | RPE_RS16105 | RPE_RS16110,,,RPE_RS16100 | RPE_RS16105 | RPE_RS16110
removed_reaction,I4FE4SR,ISC [4Fe-4S] Reduction,Unknown,RPE_RS22585,,RPE_RS22585,,,RPE_RS22585
removed_reaction,ISETACabcpp,Isethionate transport via ABC system (periplasm),Unknown,RPE_RS15995 and RPE_RS16000 and RPE_RS16005 and RPE_RS16010,,RPE_RS15995 | RPE_RS16000 | RPE_RS16005 | RPE_RS16010,,,RPE_RS15995 | RPE_RS16000 | RPE_RS16005 | RPE_RS16010
removed_reaction,LCARSyi,"Lacaldehyde reductase (S-propane-1,2-diol forming)",Unknown,RPE_RS10455,,RPE_RS10455,,,RPE_RS10455
removed_reaction,MAN1PT2,Mannose-1-phosphate guanylyltransferase (GDP),Unknown,RPE_RS17505 or RPE_RS21340 or RPE_RS17505 or RPE_RS21340 or RPE_RS17505 or RPE_RS21340,,RPE_RS17505 | RPE_RS21340,,,RPE_RS17505 | RPE_RS21340
removed_reaction,MCITL2,Methylisocitrate lyase,Unknown,RPE_RS15895,,RPE_RS15895,,,RPE_RS15895
removed_reaction,MEPNabcpp,Methylpshophonic acid abc transporter,Unknown,RPE_RS15620 and RPE_RS15625 and RPE_RS15630 and RPE_RS15635,,RPE_RS15620 | RPE_RS15625 | RPE_RS15630 | RPE_RS15635,,,RPE_RS15620 | RPE_RS15625 | RPE_RS15630 | RPE_RS15635
removed_reaction,METDabcpp,D-methionine transport via ABC system (periplasm),Unknown,RPE_RS15935 and RPE_RS15945 and RPE_RS15950 and RPE_RS15955,,RPE_RS15935 | RPE_RS15945 | RPE_RS15950 | RPE_RS15955,,,RPE_RS15935 | RPE_RS15945 | RPE_RS15950 | RPE_RS15955
removed_reaction,METabc,L-methionine transport via ABC system,Unknown,RPE_RS15945 and RPE_RS15950 and RPE_RS15955,,RPE_RS15945 | RPE_RS15950 | RPE_RS15955,,,RPE_RS15945 | RPE_RS15950 | RPE_RS15955
removed_reaction,MG2uabcpp,"Magnesium (Mg+2) ABC transporter (ubtake, periplasm)",Unknown,ACXYSJ_09900,,ACXYSJ_09900,,,ACXYSJ_09900
removed_reaction,MI1PS,Myo Inositol 1 phosphate synthase,Unknown,ACXYSJ_08115,,ACXYSJ_08115,,,ACXYSJ_08115
removed_reaction,MICITDr,2-methylisocitrate dehydratase,Unknown,ACXYSJ_24245,,ACXYSJ_24245,,,ACXYSJ_24245
removed_reaction,MNabc,Manganese transport via ABC system,Unknown,RPE_RS14255 and RPE_RS14260 and RPE_RS14265 and RPE_RS14270,,RPE_RS14255 | RPE_RS14260 | RPE_RS14265 | RPE_RS14270,,,RPE_RS14255 | RPE_RS14260 | RPE_RS14265 | RPE_RS14270
removed_reaction,MOGDS,Molybdopterin guanine dinucleotide synthase,Unknown,RPE_RS05180,,RPE_RS05180,,,RPE_RS05180
removed_reaction,MOTH1,Maltooligosyltrehalose trehalohydrolase (maltosyltrehalose),Unknown,RPE_RS06430,,RPE_RS06430,,,RPE_RS06430
removed_reaction,MOTH2,Maltooligosyltrehalose trehalohydrolase (maltotriosyltrehalose),Unknown,RPE_RS06430,,RPE_RS06430,,,RPE_RS06430
removed_reaction,MOTH3,Maltooligosyltrehalose trehalohydrolase (maltotetraosyltrehalose),Unknown,RPE_RS06430,,RPE_RS06430,,,RPE_RS06430
removed_reaction,MOTH4,Maltooligosyltrehalose trehalohydrolase (maltopentaosyltrehalose),Unknown,RPE_RS06430,,RPE_RS06430,,,RPE_RS06430
removed_reaction,MSO3abcpp,Methanesulfonate transport via ABC system (periplasm),Unknown,RPE_RS15995 and RPE_RS16005 and RPE_RS16010,,RPE_RS15995 | RPE_RS16005 | RPE_RS16010,,,RPE_RS15995 | RPE_RS16005 | RPE_RS16010
removed_reaction,MTHFC,Methenyltetrahydrofolate cyclohydrolase,Unknown,ACXYSJ_23230,,ACXYSJ_23230,,,ACXYSJ_23230
removed_reaction,NADFADOR,NAD:FAD oxidoreductase,Unknown,RPE_RS19060 and RPE_RS13050 and RPE_RS15525,,RPE_RS13050 | RPE_RS15525 | RPE_RS19060,,,RPE_RS13050 | RPE_RS15525 | RPE_RS19060
removed_reaction,NADH16pp,NADH dehydrogenase (ubiquinone-8 & 3 protons) (periplasm),Unknown,RPE_RS08605 and RPE_RS08610 and RPE_RS08615 and RPE_RS08620 and RPE_RS08625 and RPE_RS08630 and RPE_RS08635 and RPE_RS08640 and RPE_RS08645 and RPE_RS08650 and RPE_RS08655 and RPE_RS08660 and RPE_RS08665,,RPE_RS08605 | RPE_RS08610 | RPE_RS08615 | RPE_RS08620 | RPE_RS08625 | RPE_RS08630 | RPE_RS08635 | RPE_RS08640 | RPE_RS08645 | RPE_RS08650 | RPE_RS08655 | RPE_RS08660 | RPE_RS08665,,,RPE_RS08605 | RPE_RS08610 | RPE_RS08615 | RPE_RS08620 | RPE_RS08625 | RPE_RS08630 | RPE_RS08635 | RPE_RS08640 | RPE_RS08645 | RPE_RS08650 | RPE_RS08655 | RPE_RS08660 | RPE_RS08665
removed_reaction,NADH17pp,NADH dehydrogenase (menaquinone-8 & 3 protons) (periplasm),Unknown,RPE_RS08605 and RPE_RS08610 and RPE_RS08615 and RPE_RS08620 and RPE_RS08625 and RPE_RS08630 and RPE_RS08635 and RPE_RS08640 and RPE_RS08645 and RPE_RS08650 and RPE_RS08655 and RPE_RS08660 and RPE_RS08665,,RPE_RS08605 | RPE_RS08610 | RPE_RS08615 | RPE_RS08620 | RPE_RS08625 | RPE_RS08630 | RPE_RS08635 | RPE_RS08640 | RPE_RS08645 | RPE_RS08650 | RPE_RS08655 | RPE_RS08660 | RPE_RS08665,,,RPE_RS08605 | RPE_RS08610 | RPE_RS08615 | RPE_RS08620 | RPE_RS08625 | RPE_RS08630 | RPE_RS08635 | RPE_RS08640 | RPE_RS08645 | RPE_RS08650 | RPE_RS08655 | RPE_RS08660 | RPE_RS08665
removed_reaction,NADH18pp,NADH dehydrogenase (demethylmenaquinone-8 & 3 protons) (periplasm),Unknown,RPE_RS08605 and RPE_RS08610 and RPE_RS08615 and RPE_RS08620 and RPE_RS08625 and RPE_RS08630 and RPE_RS08635 and RPE_RS08640 and RPE_RS08645 and RPE_RS08650 and RPE_RS08655 and RPE_RS08660 and RPE_RS08665,,RPE_RS08605 | RPE_RS08610 | RPE_RS08615 | RPE_RS08620 | RPE_RS08625 | RPE_RS08630 | RPE_RS08635 | RPE_RS08640 | RPE_RS08645 | RPE_RS08650 | RPE_RS08655 | RPE_RS08660 | RPE_RS08665,,,RPE_RS08605 | RPE_RS08610 | RPE_RS08615 | RPE_RS08620 | RPE_RS08625 | RPE_RS08630 | RPE_RS08635 | RPE_RS08640 | RPE_RS08645 | RPE_RS08650 | RPE_RS08655 | RPE_RS08660 | RPE_RS08665
removed_reaction,NADHPO,NADH peroxidase,Unknown,ACXYSJ_19390,,ACXYSJ_19390,,,ACXYSJ_19390
removed_reaction,NAR_syn,Ferredoxin-nitrate reductase,Unknown,RPE_RS06370,,RPE_RS06370,,,RPE_RS06370
removed_reaction,NDH1_1p,NAD(P)H dehydrogenase (plastoquinone-8 & 3 protons) (periplasm),Unknown,RPE_RS08605 and RPE_RS08610 and RPE_RS08615 and RPE_RS08620 and RPE_RS08625 and RPE_RS08630 and RPE_RS08635 and RPE_RS08640 and RPE_RS08645 and RPE_RS08650 and RPE_RS08655 and RPE_RS08660 and RPE_RS08665,,RPE_RS08605 | RPE_RS08610 | RPE_RS08615 | RPE_RS08620 | RPE_RS08625 | RPE_RS08630 | RPE_RS08635 | RPE_RS08640 | RPE_RS08645 | RPE_RS08650 | RPE_RS08655 | RPE_RS08660 | RPE_RS08665,,,RPE_RS08605 | RPE_RS08610 | RPE_RS08615 | RPE_RS08620 | RPE_RS08625 | RPE_RS08630 | RPE_RS08635 | RPE_RS08640 | RPE_RS08645 | RPE_RS08650 | RPE_RS08655 | RPE_RS08660 | RPE_RS08665
removed_reaction,NDH1_2p,NAD(P)H dehydrogenase (plastoquinone-8 & 3 protons) (periplasm),Unknown,RPE_RS08605 and RPE_RS08610 and RPE_RS08615 and RPE_RS08620 and RPE_RS08625 and RPE_RS08630 and RPE_RS08635 and RPE_RS08640 and RPE_RS08645 and RPE_RS08650 and RPE_RS08655 and RPE_RS08660 and RPE_RS08665,,RPE_RS08605 | RPE_RS08610 | RPE_RS08615 | RPE_RS08620 | RPE_RS08625 | RPE_RS08630 | RPE_RS08635 | RPE_RS08640 | RPE_RS08645 | RPE_RS08650 | RPE_RS08655 | RPE_RS08660 | RPE_RS08665,,,RPE_RS08605 | RPE_RS08610 | RPE_RS08615 | RPE_RS08620 | RPE_RS08625 | RPE_RS08630 | RPE_RS08635 | RPE_RS08640 | RPE_RS08645 | RPE_RS08650 | RPE_RS08655 | RPE_RS08660 | RPE_RS08665
removed_reaction,NDH1_4pp,Active co2 transporter facilitator (periplasm),Unknown,RPE_RS08605 and RPE_RS08610 and RPE_RS08615 and RPE_RS08620 and RPE_RS08625 and RPE_RS08630 and RPE_RS08635 and RPE_RS08640 and RPE_RS08645 and RPE_RS08650 and RPE_RS08655 and RPE_RS08660 and RPE_RS08665,,RPE_RS08605 | RPE_RS08610 | RPE_RS08615 | RPE_RS08620 | RPE_RS08625 | RPE_RS08630 | RPE_RS08635 | RPE_RS08640 | RPE_RS08645 | RPE_RS08650 | RPE_RS08655 | RPE_RS08660 | RPE_RS08665,,,RPE_RS08605 | RPE_RS08610 | RPE_RS08615 | RPE_RS08620 | RPE_RS08625 | RPE_RS08630 | RPE_RS08635 | RPE_RS08640 | RPE_RS08645 | RPE_RS08650 | RPE_RS08655 | RPE_RS08660 | RPE_RS08665
removed_reaction,NGAM_D1um,Non-growth associated maintenance: PSII D1 protein repair,Unknown,,,,,,
removed_reaction,NIT1b,Nitrogenase,Unknown,RPE_RS22685 and RPE_RS19395 and RPE_RS19410 and RPE_RS19415 and RPE_RS19420 and RPE_RS19425,,RPE_RS19395 | RPE_RS19410 | RPE_RS19415 | RPE_RS19420 | RPE_RS19425 | RPE_RS22685,,,RPE_RS19395 | RPE_RS19410 | RPE_RS19415 | RPE_RS19420 | RPE_RS19425 | RPE_RS22685
removed_reaction,NIT1b_1,Nitrogenase,Unknown,RPE_RS15975 and RPE_RS15980 and RPE_RS15985,,RPE_RS15975 | RPE_RS15980 | RPE_RS15985,,,RPE_RS15975 | RPE_RS15980 | RPE_RS15985
removed_reaction,NO3R2bpp,Nitrate reductase (Menaquinol-8) (periplasm),Unknown,RPE_RS23225 and RPE_RS20710,,RPE_RS20710 | RPE_RS23225,,,RPE_RS20710 | RPE_RS23225
removed_reaction,NODOx,Nitric oxide dioxygenase,Unknown,RPE_RS06380,,RPE_RS06380,,,RPE_RS06380
removed_reaction,NODOy,Nitric oxide dioxygenase,Unknown,RPE_RS06380,,RPE_RS06380,,,RPE_RS06380
removed_reaction,NOFCOR,nitrous-oxide:ferricytochrome-c oxidoreductase,Unknown,RPE_RS03100,,RPE_RS03100,,,RPE_RS03100
removed_reaction,NTPP2,Nucleoside triphosphate pyrophosphorylase (gtp),Unknown,RPE_RS17300,,RPE_RS17300,,,RPE_RS17300
removed_reaction,NTRARf2,Nitrite reductase (ferredoxin),Unknown,RPE_RS06370,,RPE_RS06370,,,RPE_RS06370
removed_reaction,NTRIR2x,Nitrite Reductase (NADH),Unknown,RPE_RS06375,,RPE_RS06375,,,RPE_RS06375
removed_reaction,NTRIRfx,Nitrite reductase (ferredoxin),Unknown,RPE_RS06370,,RPE_RS06370,,,RPE_RS06370
removed_reaction,OANTS,O-antigen synthesis (Synechococcus elongatus 7942),Unknown,RPE_RS24645,,RPE_RS24645,,,RPE_RS24645
removed_reaction,OBTFL,2-Oxobutanoate formate lyase,Unknown,RPE_RS15570 and RPE_RS15565,,RPE_RS15565 | RPE_RS15570,,,RPE_RS15565 | RPE_RS15570
removed_reaction,PACOAT,Phenylacetyl-CoA thioesterase,Unknown,RPE_RS05015,,RPE_RS05015,,,RPE_RS05015
removed_reaction,PC,Pyruvate carboxylase,Unknown,RPE_RS03170 or (RPE_RS11935 and RPE_RS17240),,RPE_RS03170 | RPE_RS11935 | RPE_RS17240,,,RPE_RS03170 | RPE_RS11935 | RPE_RS17240
removed_reaction,PFK,Phosphofructokinase,Unknown,RPE_RS03850,,RPE_RS03850,,,RPE_RS03850
removed_reaction,PFL,Pyruvate formate lyase,Unknown,RPE_RS15570 and RPE_RS15565,,RPE_RS15565 | RPE_RS15570,,,RPE_RS15565 | RPE_RS15570
removed_reaction,PHOA690um,Photon absorption (680-700nm),Unknown,,,,,,
removed_reaction,POX,Pyruvate oxidase,Unknown,RPE_RS25155,,RPE_RS25155,,,RPE_RS25155
removed_reaction,PPAKr,Propionate kinase,Unknown,RPE_RS15855 or RPE_RS19310,,RPE_RS15855 | RPE_RS19310,,,RPE_RS15855 | RPE_RS19310
removed_reaction,PPDOy,"Propane-1,2-diol:NADP+ 1-oxidoreductase",Unknown,RPE_RS10455,,RPE_RS10455,,,RPE_RS10455
removed_reaction,PPK2,Polyphosphate kinase,Unknown,RPE_RS15275,,RPE_RS15275,,,RPE_RS15275
removed_reaction,PPKr,Polyphosphate kinase,Unknown,RPE_RS11060,,RPE_RS11060,,,RPE_RS11060
removed_reaction,PPM,Phosphopentomutase,Unknown,ACXYSJ_06095,,ACXYSJ_06095,,,ACXYSJ_06095
removed_reaction,PSICSum,Photosystem I charge separation,Unknown,RPE_RS24995 and RPE_RS06705 and RPE_RS06710 and RPE_RS06715 and RPE_RS06720 and RPE_RS06815 and RPE_RS06820,,RPE_RS06705 | RPE_RS06710 | RPE_RS06715 | RPE_RS06720 | RPE_RS06815 | RPE_RS06820 | RPE_RS24995,,,RPE_RS06705 | RPE_RS06710 | RPE_RS06715 | RPE_RS06720 | RPE_RS06815 | RPE_RS06820 | RPE_RS24995
removed_reaction,PSIICSum,Photosystem II charge separation,Unknown,RPE_RS24995 and RPE_RS06705 and RPE_RS06710 and RPE_RS06715 and RPE_RS06720 and RPE_RS06815 and RPE_RS06820,,RPE_RS06705 | RPE_RS06710 | RPE_RS06715 | RPE_RS06720 | RPE_RS06815 | RPE_RS06820 | RPE_RS24995,,,RPE_RS06705 | RPE_RS06710 | RPE_RS06715 | RPE_RS06720 | RPE_RS06815 | RPE_RS06820 | RPE_RS24995
removed_reaction,PSIIum,Photosystem II,Unknown,RPE_RS24995 and RPE_RS06705 and RPE_RS06710 and RPE_RS06715 and RPE_RS06720 and RPE_RS06815 and RPE_RS06820,,RPE_RS06705 | RPE_RS06710 | RPE_RS06715 | RPE_RS06720 | RPE_RS06815 | RPE_RS06820 | RPE_RS24995,,,RPE_RS06705 | RPE_RS06710 | RPE_RS06715 | RPE_RS06720 | RPE_RS06815 | RPE_RS06820 | RPE_RS24995
removed_reaction,PSIum,Photosystem I,Unknown,RPE_RS24995 and RPE_RS06705 and RPE_RS06710 and RPE_RS06715 and RPE_RS06720 and RPE_RS06815 and RPE_RS06820,,RPE_RS06705 | RPE_RS06710 | RPE_RS06715 | RPE_RS06720 | RPE_RS06815 | RPE_RS06820 | RPE_RS24995,,,RPE_RS06705 | RPE_RS06710 | RPE_RS06715 | RPE_RS06720 | RPE_RS06815 | RPE_RS06820 | RPE_RS24995
removed_reaction,PTA2,Phosphate acetyltransferase,Unknown,RPE_RS19315,,RPE_RS19315,,,RPE_RS19315
removed_reaction,QUERT,Querine tRNA-ribosyltransferase,Unknown,ACXYSJ_12565,,ACXYSJ_12565,,,ACXYSJ_12565
removed_reaction,QUINtex,QUINtex,Unknown,RPE_RS18365,,RPE_RS18365,,,RPE_RS18365
removed_reaction,RNTR1c2,Ribonucleoside-triphosphate reductase (ATP) (flavodoxin),Unknown,RPE_RS15510,,RPE_RS15510,,,RPE_RS15510
removed_reaction,RNTR2c2,Ribonucleoside-triphosphate reductase (GTP) (flavodoxin),Unknown,RPE_RS15510,,RPE_RS15510,,,RPE_RS15510
removed_reaction,RNTR3c2,Ribonucleoside-triphosphate reductase (CTP) (flavodoxin),Unknown,RPE_RS15510,,RPE_RS15510,,,RPE_RS15510
removed_reaction,RNTR4c2,Ribonucleoside-triphosphate reductase (UTP) (flavodoxin),Unknown,RPE_RS15510,,RPE_RS15510,,,RPE_RS15510
removed_reaction,S2FE2SR,SUF [2Fe-2S] regeneration,Unknown,RPE_RS14880 and RPE_RS14885 and RPE_RS14890 and RPE_RS14895 and RPE_RS14900 and RPE_RS14910,,RPE_RS14880 | RPE_RS14885 | RPE_RS14890 | RPE_RS14895 | RPE_RS14900 | RPE_RS14910,,,RPE_RS14880 | RPE_RS14885 | RPE_RS14890 | RPE_RS14895 | RPE_RS14900 | RPE_RS14910
removed_reaction,SADT2,Sulfate adenyltransferase,Unknown,RPE_RS01675 and RPE_RS08860,,RPE_RS01675 | RPE_RS08860,,,RPE_RS01675 | RPE_RS08860
removed_reaction,SALCHS4abcpp,Salmochelin S4 transport via ABC system periplasm,Unknown,RPE_RS17585,,RPE_RS17585,,,RPE_RS17585
removed_reaction,SPMDt3pp,Spermidine transport out via proton antiport (periplasm),Unknown,RPE_RS15295 and RPE_RS22510,,RPE_RS15295 | RPE_RS22510,,,RPE_RS15295 | RPE_RS22510
removed_reaction,SQLC,Squalene mutase (cyclizing),Unknown,RPE_RS22310,,RPE_RS22310,,,RPE_RS22310
removed_reaction,SUCBZT1,Succinyl:benzoate CoA transferase,Unknown,RPE_RS19155,,RPE_RS19155,,,RPE_RS19155
removed_reaction,SUCBZT2,Succinyl:4-hydroxybenzoate CoA transferase,Unknown,RPE_RS19155,,RPE_RS19155,,,RPE_RS19155
removed_reaction,SULFACabcpp,Sulfoacetate transport via ABC system (periplasm),Unknown,RPE_RS15995 and RPE_RS16005 and RPE_RS16010,,RPE_RS15995 | RPE_RS16005 | RPE_RS16010,,,RPE_RS15995 | RPE_RS16005 | RPE_RS16010
removed_reaction,TDPAGTA,"DTDP-4-amino-4,6-dideoxy-D-glucose transaminase",Unknown,RPE_RS07645,,RPE_RS07645,,,RPE_RS07645
removed_reaction,TDPGDH,"DTDPglucose 4,6-dehydratase",Unknown,RPE_RS17545,,RPE_RS17545,,,RPE_RS17545
removed_reaction,TDSK,Tetraacyldisaccharide 4'kinase,Unknown,RPE_RS04440,,RPE_RS04440,,,RPE_RS04440
removed_reaction,THRt2pp,L-threonine efflux transport via proton antiport (periplasm),Unknown,RPE_RS21355,,RPE_RS21355,,,RPE_RS21355
removed_reaction,TMAOR1pp,Trimethylamine N-oxide reductase (menaquinol 8) (periplasm),Unknown,RPE_RS20710,,RPE_RS20710,,,RPE_RS20710
removed_reaction,TMAOR2pp,Trimethylamine N-oxide reductase (demethylmenaquinol 8) (periplasm),Unknown,RPE_RS20710,,RPE_RS20710,,,RPE_RS20710
removed_reaction,TMDS,Thymidylate synthase,Unknown,RPE_RS10775 or RPE_RS10905,,RPE_RS10775 | RPE_RS10905,,,RPE_RS10775 | RPE_RS10905
removed_reaction,TRPTA,Tryptophan transaminase,Unknown,RPE_RS19440,,RPE_RS19440,,,RPE_RS19440
removed_reaction,TSULabc,TSULabc,Unknown,(RPE_RS08840 and RPE_RS08845 and RPE_RS08850 and RPE_RS19285) or (RPE_RS08840 and RPE_RS08845 and RPE_RS08890 and RPE_RS19285),,RPE_RS08840 | RPE_RS08845 | RPE_RS08850 | RPE_RS08890 | RPE_RS19285,,,RPE_RS08840 | RPE_RS08845 | RPE_RS08850 | RPE_RS08890 | RPE_RS19285
removed_reaction,U23GAAT,UDP-3-O-(3-hydroxymyristoyl)glucosamine acyltransferase,Unknown,RPE_RS12980,,RPE_RS12980,,,RPE_RS12980
removed_reaction,VALtex,L-valine transport via diffusion (extracellular to periplasm),Unknown,RPE_RS02965 or RPE_RS05030 or RPE_RS05035,,RPE_RS02965 | RPE_RS05030 | RPE_RS05035,,,RPE_RS02965 | RPE_RS05030 | RPE_RS05035
