compartment,formula,member_count,metabolite_ids,metabolite_id_name_pairs,new
c,C10H12N5O10P2,2,adp_c | dgdp_c,adp_c:ADP C10H12N5O10P2 | dgdp_c:DGDP C10H12N5O10P2,
c,C10H12N5O13P3,2,atp_c | dgtp_c,atp_c:ATP C10H12N5O13P3 | dgtp_c:DGTP C10H12N5O13P3,
c,C10H12N5O7P,2,amp_c | dgmp_c,amp_c:AMP C10H12N5O7P | dgmp_c:DGMP C10H12N5O7P,
c,C10H13N5O3,2,dad_2_c | dad_5_c,dad_2_c:Deoxyadenosine | dad_5_c:5'-Deoxyadenosine,
c,C10H13N5O4,2,adn_c | dgsn_c,adn_c:Adenosine | dgsn_c:Deoxyguanosine,
c,C10H8O6,3,chor_c | ichor_c | pphn_c,chor_c:Chorismate | ichor_c:Isochorismate | pphn_c:Prephenate,
c,C12H13NO9P,2,2cpr5p_c | pran_c,2cpr5p_c:1-(2-Carboxyphenylamino)-1-deoxy-D-ribulose 5-phosphate | pran_c:N-(5-Phospho-D-ribosyl)anthranilate,
c,C12H21O14P,4,6pgg_c | malt6p_c | suc6p_c | tre6p_c,"6pgg_c:6-Phospho-beta-D-glucosyl-(1,4)-D-glucose | malt6p_c:Maltose 6'-phosphate | suc6p_c:Sucrose 6-phosphate | tre6p_c:Alpha,alpha'-Trehalose 6-phosphate",
c,C12H22O11,6,lcts_c | malt_c | melib_c | pala_c | sucr_c | tre_c,lcts_c:Lactose | malt_c:Maltose C12H22O11 | melib_c:Melibiose | pala_c:Palatinose | sucr_c:Sucrose C12H22O11 | tre_c:Trehalose,
c,C14H27O2,2,fa1_c | ttdca_c,fa1_c:Fatty acid (Iso-C14:0) | ttdca_c:Tetradecanoate (n-C14:0),
c,C15H21N5O15P2,2,prfp_c | prlp_c,prfp_c:1-(5-Phosphoribosyl)-5-[(5-phosphoribosylamino)methylideneamino]imidazole-4-carboxamide | prlp_c:5-[(5-phospho-1-deoxyribulos-1-ylamino)methylideneamino]-1-(5-phosphoribosyl)imidazole-4-carboxamide,
c,C15H22N2O17P2,2,udpg_c | udpgal_c,udpg_c:UDPglucose | udpgal_c:UDPgalactose,
c,C16H23N5O15P2,2,adpglc_c | gdpfuc_c,adpglc_c:ADPglucose C16H23N5O15P2 | gdpfuc_c:GDP-L-fucose,
c,C16H28N2O11,2,chitob_c | chtbs_c,"chitob_c:Chitobiose C16H28N2O11 | chtbs_c:N,N'-diacetylchitobiose",chitob_c
c,C16H29O2,2,fa5_c | hdcea_c,fa5_c:Fatty acid (Iso-C16:1) | hdcea_c:Hexadecenoate (n-C16:1),
c,C16H29OSR,2,hdeACP_c | tpalm2eACP_c,hdeACP_c:Cis-hexadec-9-enoyl-[acyl-carrier protein] (n-C16:1) | tpalm2eACP_c:Trans-Hexadec-2-enoyl-[acyl-carrier protein],
c,C16H31O2,2,fa6_c | hdca_c,fa6_c:Fatty acid (iso-C16:0) | hdca_c:Hexadecanoate (n-C16:0),
c,C17H25N3O17P2,2,uacgam_c | uacmam_c,uacgam_c:UDP-N-acetyl-D-glucosamine | uacmam_c:UDP-N-acetyl-D-mannosamine,
c,C17H25N5O16P2,2,adphep_DD_c | adphep_LD_c,adphep_DD_c:ADP-D-glycero-D-manno-heptose | adphep_LD_c:ADP-L-glycero-D-manno-heptose,
c,C18H33OSR,2,octe9ACP_c | toctd2eACP_c,octe9ACP_c:Cis-octadec-9-enoyl-[acyl-carrier protein] ((9Z)-n-C18:1) | toctd2eACP_c:Trans-octadec-2-enoyl-[acyl-carrier protein],
c,C20H21N7O7,2,10fthf_c | 5fthf_c,10fthf_c:10-Formyltetrahydrofolate | 5fthf_c:5-Formyltetrahydrofolate,
c,C21H28N7O18P3,2,nadphx__R_c | nadphx__S_c,nadphx__R_c:(R)-NADPHX | nadphx__S_c:(S)-NADPHX,
c,C21H29N7O15P2,2,nadhx__R_c | nadhx__S_c,"nadhx__R_c:(R)-NADHX | nadhx__S_c:Adenosine 5'-(3-{5-[(2S)-5-carbamoyl-2-hydroxy-3,4-dihydropyridin-1-yl]-5-deoxy-?-D-ribofuranosyl} dihydrogen diphosphate)",
c,C21H35O7P1,2,1odec6912eg3p_c | 1odec91215eg3p_c,1odec6912eg3p_c:1-octadec-6-9-12trienoyl-sn-glycerol 3-phosphate | 1odec91215eg3p_c:1-octadec-9-12-15-trienoyl-sn-glycerol 3-phosphate,
c,C24H42O21,2,malttre_c | maltttr_c,malttre_c:Maltosyltrehalose | maltttr_c:Maltotetraose,
c,C25H35N7O19P3S,3,mmcoa__R_c | mmcoa__S_c | succoa_c,mmcoa__R_c:(R)-Methylmalonyl-CoA | mmcoa__S_c:(S)-Methylmalonyl-CoA | succoa_c:Succinyl-CoA,
c,C25H36N7O17P3S,2,2mp2coa_c | b2coa_c,2mp2coa_c:2-Methylprop-2-enoyl-CoA | b2coa_c:Crotonoyl-CoA,
c,C25H38N7O17P3S,2,btcoa_c | ibcoa_c,btcoa_c:Butanoyl-CoA | ibcoa_c:Isobutyryl-CoA,
c,C25H38N7O18P3S,3,3hbcoa__R_c | 3hbcoa_c | 3hibutcoa_c,3hbcoa__R_c:(R)-3-Hydroxybutyryl-CoA | 3hbcoa_c:(S)-3-Hydroxybutanoyl-CoA | 3hibutcoa_c:(S)-3-Hydroxyisobutyryl-CoA,
c,C26H38N7O17P3S,3,2mb2coa_c | 3mb2coa_c | pt2coa_c,2mb2coa_c:Trans-2-Methylbut-2-enoyl-CoA | 3mb2coa_c:3-Methylbut-2-enoyl-CoA | pt2coa_c:Pent-2-enoyl-CoA,
c,C26H40N7O17P3S,2,2mbcoa_c | ivcoa_c,2mbcoa_c:2-Methylbutanoyl-CoA | ivcoa_c:Isovaleryl-CoA,
c,C27H37N7O19P3S,2,23dhacoa_c | 3mgcoa_c,"23dhacoa_c:2,3-dehydroadipyl-CoA | 3mgcoa_c:3-Methylglutaconyl-CoA",
c,C27H39N7O20P3S,2,3hadpcoa_c | hmgcoa_c,3hadpcoa_c:(3S)-3-Hydroxyadipyl-CoA | hmgcoa_c:Hydroxymethylglutaryl CoA C27H39N7O20P3S,
c,C27H42N7O18P3S,2,3hhcoa_c | R_3hhcoa_c,3hhcoa_c:(S)-3-Hydroxyhexanoyl-CoA | R_3hhcoa_c:(R)-Hydroxyhexanoyl-CoA,
c,C28H46N8O18P3S,2,crnDcoa_c | crncoa_c,crnDcoa_c:D-carnitinyl-CoA | crncoa_c:L-Carnitinyl-CoA,
c,C29H38N7O18P3S,3,2oxpaccoa_c | hphaccoa_c | rephaccoa_c,"2oxpaccoa_c:2-oxepin-2(3H)-ylideneacetyl-CoA | hphaccoa_c:4 Hydroxyphenylacetyl CoA C29H42N7O18P3S | rephaccoa_c:Ring 1,2-epoxyphenylacetyl-CoA",
c,C29H46N7O18P3S,2,3hocoa_c | R_3hocoa_c,3hocoa_c:(S)-3-Hydroxyoctanoyl-CoA | R_3hocoa_c:(R)-Hydroxyoctanoyl-CoA,
c,C29H49N2O8PRS,2,octe_6_9_12_ACP_c | octe_9_12_15_ACP_c,octe_6_9_12_ACP_c:G-linolenoilACP | octe_9_12_15_ACP_c:A-lineloyl-ACP (n-C18 3ACP),
c,C29H51N2O8PRS,2,octe_9_12_ACP_c | t3c11vaceACP_c,octe_9_12_ACP_c:Linoleoyl-ACP (n-C18 2ACP) | t3c11vaceACP_c:Trans-3-cis-11-vacceoyl-[acyl-carrier protein],
c,C29H53N2O8PRS,2,octeACP_c | octe_9_ACP_c,octeACP_c:Cis-octadec-11-enoyl-[acyl-carrier protein] (n-C18:1) | octe_9_ACP_c:Cis-octadec-9-enoyl-[acyl-carrier protein] (n-C18 1),
c,C2H2O6P,2,2pglyc_c | 2pglyc_cx_c,2pglyc_c:2-Phosphoglycolate | 2pglyc_cx_c:2-Phosphoglycolate,2pglyc_c
c,C30H52O26,2,maltpt_c | malttrtre_c,maltpt_c:Maltopentaose | malttrtre_c:Maltotriosyltrehalose,
c,C31H50N7O17P3S,2,dcacoa_c | dccoa_c,dcacoa_c:Decanoyl-CoA (n-C10:0CoA) | dccoa_c:Decanoyl CoA C31H50N7O17P3S,
c,C31H50N7O18P3S,2,3hdcoa_c | R_3hdcoa_c,3hdcoa_c:(S)-3-Hydroxydecanoyl-CoA | R_3hdcoa_c:(R)-Hydroxydecanoyl-CoA,
c,C33H52N7O17P3S,2,dd2coa_c | trans_dd2coa_c,dd2coa_c:Trans-Dodec-2-enoyl-CoA | trans_dd2coa_c:Trans Dodec 2 enoyl CoA C33H52N7O17P3S,
c,C33H52N7O18P3S,2,3oddcoa_c | R_3hcddec5ecoa_c,3oddcoa_c:3-Oxododecanoyl-CoA | R_3hcddec5ecoa_c:(R)-Hydroxydodecanoyl-5-en-CoA,
c,C33H54N7O17P3S,2,ddcacoa_c | ddcoa_c,ddcacoa_c:Dodecanoyl-CoA (n-C12:0CoA) | ddcoa_c:Dodecanoyl CoA  n C120CoA  C33H54N7O17P3S,
c,C33H54N7O18P3S,2,3hddcoa_c | R_3hddcoa_c,3hddcoa_c:(S)-3-Hydroxydodecanoyl-CoA | R_3hddcoa_c:(R)-3-Hydroxydodecanoyl-CoA,
c,C35H29MGN4O5,2,dvpchlda_c | dvpchlld_c,dvpchlda_c:Divinylprotochlorophyllide a | dvpchlld_c:Divinylprotochlorophyllide,
c,C35H31MGN4O5,3,omppp9_c | pchlld_c | pchlld_exc_c,omppp9_c:13(1)-Oxo-magnesium-protoporphyrin IX 13-monomethyl ester | pchlld_c:Protochlorophyllide | pchlld_exc_c:Excited protochlorophyllide,
c,C35H33MGN4O4,2,mppp9me_c | mppp9om_c,mppp9me_c:Magnesium protoporphyrin IX monomethyl ester | mppp9om_c:Magnesium protoporphyrin monomethyl ester,
c,C35H33MGN4O5,2,chlld_c | hmppp9_c,chlld_c:Chlorophyllide a | hmppp9_c:13(1)-Hydroxy-magnesium-protoporphyrin IX 13-monomethyl ester,
c,C35H56N7O17P3S,2,td2coa_c | tdecoa_c,td2coa_c:Trans-Tetradec-2-enoyl-CoA | tdecoa_c:Tetradecenoyl-CoA (n-C14:1CoA),
c,C35H56N7O18P3S,2,3otdcoa_c | R_3hcmrs7ecoa_c,3otdcoa_c:3-Oxotetradecanoyl-CoA | R_3hcmrs7ecoa_c:(R)-3-hydroxy-cis-myristol-7-eoyl-CoA,
c,C35H58N7O18P3S,2,3htdcoa_c | R_3hmrscoa_c,3htdcoa_c:(S)-3-Hydroxytetradecanoyl-CoA | R_3hmrscoa_c:(R)-3-hydroxytetradecanoyl-coa,
c,C36H40N4O8,2,cpppg1_c | cpppg3_c,cpppg1_c:Coproporphyrinogen I | cpppg3_c:Coproporphyrinogen III,
c,C36H62O31,2,malthx_c | maltttrtre_c,malthx_c:Maltohexaose | maltttrtre_c:Maltotetraosyltrehalose,
c,C37H60N7O17P3S,2,hdcoa_c | hdd2coa_c,hdcoa_c:Hexadecenoyl-CoA (n-C16:1CoA) | hdd2coa_c:Trans-Hexadec-2-enoyl-CoA,
c,C39H63O8P1,2,pa183_6_9_12_c | pa183_9_12_15_c,"pa183_6_9_12_c:1,2-dioctadec-6-9-12-trienoyl-sn-glycerol 3-phosphate | pa183_9_12_15_c:1,2-dioctadec-9-12-15-trienoyl-sn-glycerol 3-phosphate",
c,C39H64N7O17P3S,2,od2coa_c | odecoa_c,od2coa_c:Trans-Octadec-2-enoyl-CoA | odecoa_c:Octadecenoyl-CoA (n-C18:1CoA),
c,C39H64N7O18P3S,2,3hodecoa_c | 3ohodcoa_c,3hodecoa_c:S  3 hydroxy  9Z  octadecenyl CoA | 3ohodcoa_c:3-Oxooctadecanoyl-CoA,
c,C39H64O5,2,12dgr183_6_9_12_c | 12dgr183_9_12_15_c,"12dgr183_6_9_12_c:1,2-Diacyl-sn-glycerol (dioctadec-6-9-12-trienoyl, n-C18 3) | 12dgr183_9_12_15_c:1,2-Diacyl-sn-glycerol (dioctadec-9-12-15-trienoyl, n-C18 3)",
c,C39H71O8P1,2,pa181_9_c | pa181_c,"pa181_9_c:1,2-dioctadec-9-enoyl-sn-glycerol 3-phosphate | pa181_c:1,2-dioctadec-11-enoyl-sn-glycerol 3-phosphate",
c,C39H72O5,2,12dgr181_9_c | 12dgr181_c,"12dgr181_9_c:1,2-Diacyl-sn-glycerol (dioctadec-9-enoyl, n-C18 1) | 12dgr181_c:1,2-Diacyl-sn-glycerol (dioctadec-11-enoyl, n-C18:1)",
c,C3H3O3,2,msa_c | pyr_c,msa_c:Malonate semialdehyde | pyr_c:Pyruvate,
c,C3H3O4,3,2h3opp_c | 2h3oppan_c | hpyr_c,2h3opp_c:2 Hydroxy 3 oxopropanoate C3H3O4 | 2h3oppan_c:2-Hydroxy-3-oxopropanoate | hpyr_c:Hydroxypyruvate,
c,C3H4O7P,3,2pg_c | 3pg_c | 3pg_cx_c,2pg_c:D-Glycerate 2-phosphate | 3pg_c:3-Phospho-D-glycerate | 3pg_cx_c:3-Phospho-D-glycerate,3pg_c | 3pg_cx_c = 3pg_c
c,C3H5NO3,2,2amsa_c | poaac_c,2amsa_c:2-Aminomalonate semialdehyde | poaac_c:Peroxyaminoacrylate,
c,C3H5O3,3,3hpp_c | lac__D_c | lac__L_c,3hpp_c:3-Hydroxypropanoate | lac__D_c:D-Lactate | lac__L_c:L-Lactate,
c,C3H5O6P,2,dhap_c | g3p_c,dhap_c:Dihydroxyacetone phosphate | g3p_c:Glyceraldehyde 3-phosphate,
c,C3H6O2,4,3hppnl_c | acetol_c | lald__D_c | lald__L_c,3hppnl_c:3-Hydroxypropanal | acetol_c:Acetol cytosol | lald__D_c:D-Lactaldehyde | lald__L_c:L-Lactaldehyde,
c,C3H6O3,2,dha_c | glyald_c,dha_c:Dihydroxyacetone | glyald_c:D-Glyceraldehyde,
c,C3H7NO2,3,ala_B_c | ala__D_c | ala__L_c,ala_B_c:Beta-Alanine | ala__D_c:D-Alanine | ala__L_c:L-Alanine,
c,C3H7NO3,2,ser__D_c | ser__L_c,ser__D_c:D-Serine | ser__L_c:L-Serine,
c,C3H7O6P,2,glyc2p_c | glyc3p_c,glyc2p_c:Glycerol 2-phosphate | glyc3p_c:Glycerol 3-phosphate,
c,C40H36N4O16,2,uppg1_c | uppg3_c,uppg1_c:Uroporphyrinogen I | uppg3_c:Uroporphyrinogen III,
c,C40H56,4,caro_c | gcarote_c | lycop_c | ttclyco_c,"caro_c:Beta-Carotene | gcarote_c:Gamma-Carotene | lycop_c:Lycopene | ttclyco_c:7,9,7,9-tetracis-Lycopene",
c,C40H56O,2,34dhr_c | bcryptox_c,"34dhr_c:3,4-Dehydrorhodopin | bcryptox_c:Beta-Cryptoxanthin",
c,C40H60,3,dczcaro_c | tczcaro_c | zcarote_c,"dczcaro_c:9,9-dicis-zeta-Carotene | tczcaro_c:9,15,9-tricis-zeta-Carotene | zcarote_c:Zeta-Carotene",
c,C40H62,2,phytfl_c | phytof_c,phytfl_c:All-trans-Phytofluene | phytof_c:All-trans-Phytofluene,phytfl_c
c,C40H64,2,phyto_c | phytoe_c,phyto_c:All-trans-Phytoene | phytoe_c:Phytoene,phyto_c
c,C40H65O7P2,2,octdp_c | prephytedp_c,octdp_c:All-trans-Octaprenyl diphosphate | prephytedp_c:Prephytoene diphosphate,
c,C41H74O10,2,glcdg161_c | mgdg161_c,"glcdg161_c:1,2-Diacyl-3-O-(beta-D-glucopyranosyl)-sn-glycerol(16:1(9Z)/16:1(9Z)) | mgdg161_c:1,2-Diacyl-3-beta-D-galactosyl-sn-glycerol (n-C16 1)",
c,C41H76O10,2,glcdg1619Z160_c | mgdg1619Z160_c,"glcdg1619Z160_c:1,2-Diacyl-3-O-(beta-D-glucopyranosyl)-sn-glycerol(16:1(9Z)/16:0) | mgdg1619Z160_c:1,2-Diacyl-3-O-galactosyl-sn-glycerol(16:1(9Z)/16:0)",
c,C42FEH54N8O6S2,2,ficytC_c | focytC_c,ficytC_c:Ferricytochrome c | focytC_c:Ferrocytochrome C,
c,C42H54FEN8O6S2,2,ficytcc553_c | focytcc553_c,ficytcc553_c:Ferricytochrome c-553 | focytcc553_c:Ferrocytochrome c-553,
c,C42H69O13P2,2,pgp183_6_9_12_c | pgp183_9_12_15_c,"pgp183_6_9_12_c:Phosphatidylglycerophosphate (dioctadec-6-9-12-trienoyl, n-C18 3) | pgp183_9_12_15_c:Phosphatidylglycerophosphate (dioctadec-9-12-15-trienoyl, n-C18 3)",
c,C42H72O36,2,malthp_c | maltpttre_c,malthp_c:Maltoheptaose | maltpttre_c:Maltopentaosyltrehalose,
c,C42H77O13P2,2,pgp181_9_c | pgp181_c,"pgp181_9_c:Phosphatidylglycerophosphate (dioctadec-9-enoyl, n-C18 1) | pgp181_c:Phosphatidylglycerophosphate (dioctadec-11-enoyl, n-C18:1)",
c,C43H78O10,2,glcdg1819Z1619Z_c | mgdg1819Z1619Z_c,"glcdg1819Z1619Z_c:1,2-Diacyl-3-O-(beta-D-glucopyranosyl)-sn-glycerol(18:1(9Z)/16:1(9Z)) | mgdg1819Z1619Z_c:Monogalactosyldiacylglycerol (1-(9Z)-octadecenoyl,2-(9Z)-hexadecenoyl, 18:1(9Z)/16:1(9Z))",
c,C43H80O10,2,glcdg1819Z160_c | mgdg1819Z160_c,"glcdg1819Z160_c:1,2-Diacyl-3-O-(beta-D-glucopyranosyl)-sn-glycerol(18:1(9Z)/16:0) | mgdg1819Z160_c:Monogalactosyldiacylglycerol (1-(9Z)-octadecenoyl,2-hexadecanoyl, 18:1(9Z)/16:0)",
c,C48H75N3O15P2,2,cdpdodec6912eg_c | cdpdodec91215eg_c,"cdpdodec6912eg_c:CDP-1,2-dioctadec-6-9-12-trienoylglycerol | cdpdodec91215eg_c:CDP-1,2-dioctadec-9-12-15-trienoylglycerol",
c,C48H83N3O15P2,2,cdpdodec11eg_c | cdpdodec9eg_c,"cdpdodec11eg_c:CDP-1,2-dioctadec-11-enoylglycerol | cdpdodec9eg_c:CDP-1,2-dioctadec-9-enoylglycerol",
c,C4H4O5,2,mal__D_c | mal__L_c,mal__D_c:D-Malate | mal__L_c:L-Malate,
c,C4H4O6,2,tartr__D_c | tartr__L_c,tartr__D_c:D-tartrate | tartr__L_c:L-tartrate,
c,C4H5O3,5,2mop_c | 2obut_c | acac_c | mmtsa_c | sucsal_c,2mop_c:2-Methyl-3-oxopropanoate | 2obut_c:2-Oxobutanoate | acac_c:Acetoacetate | mmtsa_c:(S)-Methylmalonate semialdehyde | sucsal_c:Succinic semialdehyde,
c,C4H6NO7P,2,2a3pp_c | 4pasp_c,2a3pp_c:2-Amino-3-phosphonopropanoate | 4pasp_c:4-Phospho-L-aspartate,
c,C4H7NO3,2,2aobut_c | aspsa_c,2aobut_c:L-2-Amino-3-oxobutanoate | aspsa_c:L-Aspartate 4-semialdehyde,
c,C4H7O3,3,3hmp_c | bhb_c | ghb_c,3hmp_c:3-Hydroxy-2-methylpropanoate | bhb_c:(R)-3-Hydroxybutanoate | ghb_c:Gamma-hydroxybutyrate,
c,C4H8NO6P,2,phom_c | thrp_c,phom_c:O-Phospho-L-homoserine | thrp_c:L-Threonine O-3-phosphate,
c,C4H9NO2,2,3aib_c | 4abut_c,3aib_c:L-3-Amino-isobutanoate | 4abut_c:4-Aminobutanoate,
c,C4H9NO3,3,athr__L_c | hom__L_c | thr__L_c,athr__L_c:L-Allo-threonine | hom__L_c:L-Homoserine | thr__L_c:L-Threonine,
c,C53H80O2,2,pq_c | pq_cm_c,pq_c:Plastoquinone | pq_cm_c:Plastoquinone,
c,C53H82O2,2,pqh2_c | pqh2_cm_c,pqh2_c:Plastoquinol | pqh2_cm_c:Plastoquinol,
c,C55H72MGN4O5,3,chla_qy1_exc_c | chla_qy2_exc_c | cholphya_c,"chla_qy1_exc_c:Photosystem I excited chlorophyll A, Qy band (long wavelength) | chla_qy2_exc_c:Photosystem II excited chlorophyll A, Qy band (long wavelength) | cholphya_c:Chlorophyll a",
c,C5H10O4,2,5drib_c | dxyl_c,5drib_c:5'-deoxyribose | dxyl_c:1-deoxy-D-xylulose,
c,C5H10O5,6,arab__L_c | rbl__D_c | rbl__L_c | rib__D_c | xyl__D_c | xylu__L_c,arab__L_c:L-Arabinose | rbl__D_c:D-Ribulose | rbl__L_c:L-Ribulose | rib__D_c:D-Ribose | xyl__D_c:D-Xylose | xylu__L_c:L-Xylulose,
c,C5H11NO2,3,5aptn_c | glyb_c | val__L_c,5aptn_c:5-Aminopentanoate | glyb_c:Glycine betaine | val__L_c:L-Valine,
c,C5H11NO3S,2,metsox_R__L_c | metsox_S__L_c,metsox_R__L_c:L-methionine-R-sulfoxide | metsox_S__L_c:L-Methionine Sulfoxide,
c,C5H13N2O2,2,orn__L_c | orn_c,orn__L_c:L Ornithine C5H13N2O2 | orn_c:Ornithine,
c,C5H4O5,2,2m3osuc_c | akg_c,2m3osuc_c:2-methyl-3-oxosuccinate | akg_c:2-Oxoglutarate,
c,C5H6NO3,2,1p3h5c_c | 5oxpro_c,1p3h5c_c:L 1 Pyrroline 3 hydroxy 5 carboxylate C5H6NO3 | 5oxpro_c:5-Oxoproline,
c,C5H6O5,5,2hog_c | S2hglut_c | citm_c | r2hglut_c | r3mmal_c,2hog_c:2-Hydroxyglutarate | S2hglut_c:(S)-2-Hydroxyglutarate | citm_c:Citramalate | r2hglut_c:(R)-2-Hydroxyglutarate | r3mmal_c:D-erythro-3-Methylmalate,
c,C5H7O3,2,3mob_c | oxptn_c,3mob_c:3-Methyl-2-oxobutanoate | oxptn_c:5-Oxopentanoate,
c,C5H7O4,2,4h2opntn_c | alac__S_c,4h2opntn_c:4-Hydroxy-2-oxopentanoate | alac__S_c:(S)-2-Acetolactate,
c,C5H8NO4,2,glu__D_c | glu__L_c,glu__D_c:D-Glutamate | glu__L_c:L-Glutamate,
c,C5H8O11P2,2,rb15bp_c | rb15bp_cx_c,"rb15bp_c:D-Ribulose 1,5-bisphosphate | rb15bp_cx_c:D-Ribulose 1,5-bisphosphate",rb15bp_c
c,C5H9NO3,4,4hpro_LT_c | 5aop_c | glu1sa_c | glu5sa_c,4hpro_LT_c:Trans 4 Hydroxy L proline C5H9NO3 | 5aop_c:5-Amino-4-oxopentanoate | glu1sa_c:L-Glutamate 1-semialdehyde | glu5sa_c:L-Glutamate 5-semialdehyde,
c,C5H9O7P,2,2dr1p_c | dxyl5p_c,2dr1p_c:2-Deoxy-D-ribose 1-phosphate | dxyl5p_c:1-deoxy-D-xylulose 5-phosphate,
c,C5H9O7P2,2,dmpp_c | ipdp_c,dmpp_c:Dimethylallyl diphosphate | ipdp_c:Isopentenyl diphosphate,
c,C5H9O8P,5,ara5p_c | r5p_c | ru5p__D_c | ru5p__L_c | xu5p__D_c,ara5p_c:D-Arabinose 5-phosphate | r5p_c:Alpha-D-Ribose 5-phosphate | ru5p__D_c:D-Ribulose 5-phosphate | ru5p__L_c:L-Ribulose 5-phosphate | xu5p__D_c:D-Xylulose 5-phosphate,
c,C6H10O12P2,2,fdp_c | tagdp__D_c,"fdp_c:D-Fructose 1,6-bisphosphate | tagdp__D_c:D-Tagatose 1,6-biphosphate",
c,C6H11O4,2,23dhmp_c | pant__R_c,"23dhmp_c:(R)-2,3-Dihydroxy-3-methylpentanoate | pant__R_c:(R)-Pantoate",
c,C6H11O7,2,glcn_c | idon__L_c,glcn_c:D-Gluconate | idon__L_c:L-Idonate,
c,C6H11O7PS,2,5mdr1p_c | 5mdru1p_c,5mdr1p_c:5-Methylthio-5-deoxy-D-ribose 1-phosphate | 5mdru1p_c:5-Methylthio-5-deoxy-D-ribulose 1-phosphate,
c,C6H11O9P,12,all6p_c | allul6p_c | f1p_c | f6p_c | g1p_c | g6p_B_c | g6p_c | man1p_c | man6p_c | mi1p__D_c | mi3p__D_c | tag6p__D_c,all6p_c:D-Allose 6-phosphate | allul6p_c:Allulose 6-phosphate | f1p_c:D-Fructose 1-phosphate | f6p_c:D-Fructose 6-phosphate | g1p_c:D-Glucose 1-phosphate | g6p_B_c:Beta D glucose 6 phosphate C6H11O9P | g6p_c:D-Glucose 6-phosphate | man1p_c:D-Mannose 1-phosphate | man6p_c:D-Mannose 6-phosphate | mi1p__D_c:1D-myo-Inositol 1-phosphate | mi3p__D_c:1D-myo-Inositol 3-phosphate | tag6p__D_c:D-Tagatose 6-phosphate,
c,C6H12O6,6,all__D_c | fru_c | gal_c | glc__D_c | inost_c | man_c,all__D_c:D-Allose | fru_c:D-Fructose | gal_c:D-Galactose | glc__D_c:D-Glucose | inost_c:Myo-Inositol | man_c:D-Mannose,
c,C6H13NO2,2,ile__L_c | leu__L_c,ile__L_c:L-Isoleucine | leu__L_c:L-Leucine,
c,C6H13NO8P,3,g3ps_c | gam1p_c | gam6p_c,g3ps_c:Glycerophosphoserine | gam1p_c:D-Glucosamine 1-phosphate | gam6p_c:D-Glucosamine 6-phosphate,
c,C6H13NOR,2,iletrna_c | leutrna_c,iletrna_c:L-Isoleucyl-tRNA(Ile) | leutrna_c:L-Leucyl-tRNA(Leu),
c,C6H13O9P,3,galt1p_c | mnl1p_c | sbt6p_c,galt1p_c:Galactitol 1-phosphate | mnl1p_c:D-Mannitol 1-phosphate | sbt6p_c:D-Sorbitol 6-phosphate,
c,C6H15N2O2,2,36dahx_c | lys__L_c,"36dahx_c:(3S)-3,6-Diaminohexanoate | lys__L_c:L-Lysine",
c,C6H3O6,2,acon_C_c | acon_T_c,acon_C_c:Cis-Aconitate | acon_T_c:Trans-Aconitate,
c,C6H5O7,2,cit_c | icit_c,cit_c:Citrate | icit_c:Isocitrate,
c,C6H7O7,2,23doguln_c | 25dkglcn_c,"23doguln_c:2,3-Dioxo-L-gulonate | 25dkglcn_c:2,5-diketo-D-gluconate",
c,C6H9O3,3,2o3mpt_c | 3mop_c | 4mop_c,2o3mpt_c:R  2 Oxo 3 methylpentanoate C6H9O3 | 3mop_c:(S)-3-Methyl-2-oxopentanoate | 4mop_c:4-Methyl-2-oxopentanoate,
c,C6H9O4,3,2ahbut_c | 2dhp_c | 3hmop_c,2ahbut_c:(S)-2-Aceto-2-hydroxybutanoate | 2dhp_c:2-Dehydropantoate | 3hmop_c:(R)-3-Hydroxy-3-methyl-2-oxopentanoate,
c,C6H9O7,2,2dhguln_c | 5dglcn_c,2dhguln_c:2-Dehydro-L-gulonate | 5dglcn_c:5-Dehydro-D-gluconate,
c,C7H10N5O,2,preq1_c | preqtrna_c,preq1_c:7-aminomethyl-7-deazaguanine | preqtrna_c:7-aminomethyl-7-deazaguaninyl tRNA,
c,C7H10O5,2,3c2hmp_c | 3c3hmp_c,3c2hmp_c:3-Carboxy-2-hydroxy-4-methylpentanoate | 3c3hmp_c:3-Carboxy-3-hydroxy-4-methylpentanoate,
c,C7H12O13P2,2,gmhep17bp_c | s17bp_c,"gmhep17bp_c:D-Glycero-D-manno-heptose 1,7-bisphosphate | s17bp_c:Sedoheptulose 1,7-bisphosphate",
c,C7H13O10P,3,gmhep1p_c | gmhep7p_c | s7p_c,gmhep1p_c:D-Glycero-D-manno-heptose 1-phosphate | gmhep7p_c:D-Glycero-D-manno-heptose 7-phosphate | s7p_c:Sedoheptulose 7-phosphate,
c,C7H14N2O4,2,26dap_LL_c | 26dap__M_c,"26dap_LL_c:LL-2,6-Diaminoheptanedioate | 26dap__M_c:Meso-2,6-Diaminoheptanedioate",
c,C7H15NO3,2,crn__D_c | crn_c,crn__D_c:D-Carnitine | crn_c:L-Carnitine,
c,C7H3O6,2,2pdc_c | CCbuttc_c,"2pdc_c:2-Pyrone-4,6-dicarboxylate | CCbuttc_c:Cis,cis-Butadiene-1,2,4-tricarboxylate",
c,C7H3O7,2,omaenol_c | omaketo_c,"omaenol_c:4-Carboxy-2-hydroxyhexa-2,4-dienedioate | omaketo_c:4-oxalomesaconate (keto form)",
c,C7H5O4,2,23dhb_c | 34dhbz_c,"23dhb_c:2,3-Dihydroxybenzoate | 34dhbz_c:3,4-Dihydroxybenzoate",
c,C7H5O6,2,2h2pdc_c | 42hmsad_c,"2h2pdc_c:2-Hydroxy-2-hydropyrone-4,6-dicarboxylate | 42hmsad_c:4-carboxy-2-hydroxymuconate semialdehyde",
c,C7H6NO2,2,4abz_c | anth_c,4abz_c:4-Aminobenzoate | anth_c:Anthranilate,
c,C7H6O3,2,34dhbald_c | 3hbz_c,"34dhbald_c:3,4-dihydroxybenzaldehyde | 3hbz_c:3-Hydroxybenzoate",
c,C7H7NO6PS,2,2c4mthzep_c | cthzp_c,"2c4mthzep_c:2-[(2R,5Z)-2-Carboxy-4-methylthiazol-5(2H)-ylidene]ethyl phosphate | cthzp_c:4-Methyl-5-[2-(phosphonooxy)ethyl]-1,3-thiazole-2-carboxylate",
c,C7H7O4,2,23ddhb_c | hmccms_c,"23ddhb_c:2,3-Dihydro-2,3-dihydroxybenzoate | hmccms_c:2-Hydroxy-5-methyl-cis,cis-muconic semialdehyde",
c,C7H8N5O8P2,2,2ahhmd_c | 6hmhptpp_c,2ahhmd_c:2 Amino 4 hydroxy 6 hydroxymethyl 7 8 dihydropteridine diphosphate C7H8N5O8P2 | 6hmhptpp_c:6-hydroxymethyl-dihydropterin pyrophosphate,
c,C7H8O6,2,24dhhed_c | 4h2kpi_c,"24dhhed_c:2,4-Dihydroxyhept-2-enedioate | 4h2kpi_c:4-Hydroxy-2-ketopimelate",
c,C7H9N5O2,2,2ahhmp_c | 6hmhpt_c,2ahhmp_c:2 Amino 4 hydroxy 6 hydroxymethyl 7 8 dihydropteridine C7H9N5O2 | 6hmhpt_c:6-hydroxymethyl dihydropterin,
c,C8H13N2O5,3,LalaDglu_c | LalaLglu_c | gluala_c,LalaDglu_c:L-alanine-D-glutamate | LalaLglu_c:L-alanine-L-glutamate | gluala_c:5 L Glutamyl L alanine C8H13N2O5,
c,C8H14NO9P,3,acgam1p_c | acgam6p_c | acmanap_c,acgam1p_c:N-Acetyl-D-glucosamine 1-phosphate | acgam6p_c:N-Acetyl-D-glucosamine 6-phosphate | acmanap_c:N-Acetyl-D-mannosamine 6-phosphate,
c,C8H15NO6,2,acgam_c | acmana_c,acgam_c:N-Acetyl-D-glucosamine | acmana_c:N-Acetyl-D-mannosamine,
c,C8H5O7,2,5cmhm_c | 5cohe_c,5cmhm_c:5-Carboxymethyl-2-hydroxymuconate | 5cohe_c:5-Carboxy-2-oxohept-3-enedioate,
c,C8H6O6,2,4fumacac_c | 4mlacac_c,4fumacac_c:4 Fumarylacetoacetate C8H6O6 | 4mlacac_c:4 Maleylacetoacetate C8H6O6,
c,C8H7O4,2,hgentis_c | vanlt_c,hgentis_c:Homogentisate C8H7O4 | vanlt_c:Vanillate,
c,C8H8O3,3,3hoxpac_c | mand_c | vanln_c,3hoxpac_c:3 Hydroxyphenylacetic acid C8H8O3 | mand_c:Mandelate | vanln_c:Vanillin,
c,C9H11N3O9P,2,5aizc_c | 5caiz_c,5aizc_c:5-amino-1-(5-phospho-D-ribosyl)imidazole-4-carboxylate | 5caiz_c:5-phosphoribosyl-5-carboxyaminoimidazole,
c,C9H11NO6,2,nal2a6o_c | sucgsa_c,nal2a6o_c:N-Acetyl-L-2-amino-6-oxopimelate | sucgsa_c:N2-Succinyl-L-glutamate 5-semialdehyde,
c,C9H13N5O4,2,dhmpt_c | dhnpt_c,dhmpt_c:Dihydromonapterin | dhnpt_c:Dihydroneopterin,
c,C9H14N5O8P,2,25dhpp_c | 25drapp_c,"25dhpp_c:2 5 Diamino 6 hydroxy 4  5  phosphoribosylamino  pyrimidine C9H14N5O8P | 25drapp_c:2,5-Diamino-6-(ribosylamino)-4-(3H)-pyrimidinone 5'-phosphate",
c,C9H15N2O5,2,n6all26d_c | sucorn_c,"n6all26d_c:N6-Acetyl-LL-2,6-diaminoheptanedioate | sucorn_c:N2-Succinyl-L-ornithine",
c,C9H7O3,2,T4hcinnm_c | phpyr_c,T4hcinnm_c:Trans 4 Hydroxycinnamate C9H7O3 | phpyr_c:Phenylpyruvate,
c,C9H7O4,3,34dhcinm_c | 34hpp_c | dhcinnm_c,"34dhcinm_c:3,4-Dihydroxy-trans-cinnamate | 34hpp_c:3-(4-Hydroxyphenyl)pyruvate | dhcinnm_c:2,3-dihydroxicinnamic acid",
c,C9H8O6,2,2h6kd_c | hkndd_c,"2h6kd_c:2-Hydroxy-6-ketononatrienedioate | hkndd_c:2-Hydroxy-6-oxonona-2,4-diene-1,9-dioate",
c,C9H9O4,2,cenchddd_c | dhpppn_c,"cenchddd_c:Cis-3-(3-carboxyethenyl)-3,5-cyclohexadiene-1,2-diol | dhpppn_c:3-(2,3-Dihydroxyphenyl)propanoate",
c,CHO3,2,hco3_c | hco3_cx_c,hco3_c:Bicarbonate | hco3_cx_c:Bicarbonate,hco3_c
c,CO,2,co_c | cobalt2_c,co_c:Carbon monoxide | cobalt2_c:Co2+,
c,CO2,2,co2_c | co2_cx_c,co2_c:CO2 CO2 | co2_cx_c:CO2 CO2,co2_c
c,CU,2,cu2_c | cu_c,cu2_c:Copper | cu_c:Cu+,
c,FE,2,fe2_c | fe3_c,fe2_c:Fe2+ mitochondria | fe3_c:Fe3+,
c,FE8S8X,2,fdxo_42_c | fdxr_42_c,fdxo_42_c:Ferredoxin (oxidized form 4:2) | fdxr_42_c:Ferredoxin (reduced form 4:2),
c,H,2,h_c | h_cx_c,h_c:H+ | h_cx_c:H+,h_c
c,H2O,2,h2o_c | h2o_cx_c,h2o_c:H2O H2O | h2o_cx_c:H2O H2O,h2o_c
c,HR,20,amylose_c | trnaala_c | trnaarg_c | trnaasn_c | trnaasp_c | trnacys_c | trnagln_c | trnagly_c | trnahis_c | trnaile_c | trnaleu_c | trnalys_c | trnamet_c | trnaphe_c | trnapro_c | trnaser_c | trnathr_c | trnatrp_c | trnatyr_c | trnaval_c,amylose_c:Amylose | trnaala_c:TRNA(Ala) | trnaarg_c:TRNA(Arg) | trnaasn_c:TRNA Asn  C10H17O10PR2 | trnaasp_c:TRNA(Asp) | trnacys_c:TRNA(Cys) | trnagln_c:TRNA(Gln) | trnagly_c:TRNA(Gly) | trnahis_c:TRNA(His) | trnaile_c:TRNA(Ile) | trnaleu_c:TRNA(Leu) | trnalys_c:TRNA(Lys) | trnamet_c:TRNA(Met) | trnaphe_c:TRNA(Phe) | trnapro_c:TRNA(Pro) | trnaser_c:TRNA(Ser) | trnathr_c:TRNA(Thr) | trnatrp_c:TRNA(Trp) | trnatyr_c:TRNA(Tyr) | trnaval_c:TRNA(Val),
c,NONE,11,2m6solbzq_c | asptrna_asn_c | bm_carbs_c | bm_cofactors_c | bm_cw_c | bm_dna_c | bm_memlip_c | bm_pigm_c | bm_pro_c | bm_rna_c | icolipacy_c,"2m6solbzq_c:2-Methyl-6-solanyl-1,4-benzoquinol | asptrna_asn_c:L-Aspartyl-tRNA(Asn) | bm_carbs_c:Biomass metabolite: glycogen and carbohydrates | bm_cofactors_c:Biomass metabolite: cofactors and ions | bm_cw_c:Cell wall component of biomass | bm_dna_c:DNA component of biomass | bm_memlip_c:Lipid component of biomass | bm_pigm_c:Pigment component of biomass | bm_pro_c:Protein component of biomass | bm_rna_c:RNA component of biomass | icolipacy_c:Inner core oligosaccharide lipid A (Synechococcus elongatus 7942)",
c,O2,3,o2_c | o2_cx_c | o2s_c,o2_c:O2 O2 | o2_cx_c:O2 O2 | o2s_c:Superoxide anion,o2_c | o2_cx_c=o2_c
c,R,4,fdxox_c | fdxrd_c | mclPHAg_c | phbg_c,fdxox_c:Oxidized ferredoxin | fdxrd_c:Reduced ferredoxin | mclPHAg_c:Medium-chain length Polyhydroxyalkanoate growing. | phbg_c:Growing PHB granule,
c,X,4,dsbdox_c | grxox_c | lplarg_c | trdox_c,dsbdox_c:Fused thiol:disulfide interchange protein (oxidized) | grxox_c:Glutaredoxin (oxidized) | lplarg_c:Lipoyl carrier protein LarG | trdox_c:Oxidized thioredoxin,
c,XH2,4,dhlplarg_c | dsbdrd_c | grxrd_c | trdrd_c,dhlplarg_c:Dihydrolipoyl carrier protein LarG | dsbdrd_c:Fused thiol:disulfide interchange protein (reduced) | grxrd_c:Glutaredoxin (reduced) | trdrd_c:Reduced thioredoxin,
e,C10H12N5O7P,2,amp_e | dgmp_e,amp_e:AMP | dgmp_e:DGMP,
e,C10H13N5O4,2,adn_e | dgsn_e,adn_e:Adenosine | dgsn_e:Deoxyguanosine,
e,C12H20O10,2,dextrin_e | starch_e,dextrin_e:Dextrin C12H20O10 | starch_e:Starch C12H20O10,
e,C12H22O11,4,cellb_e | malt_e | sucr_e | tre_e,cellb_e:Cellobiose | malt_e:Maltose | sucr_e:Sucrose | tre_e:Trehalose,
e,C3H7NO2,2,ala__D_e | ala__L_e,ala__D_e:D-Alanine | ala__L_e:L-Alanine,
e,C3H7O6P,2,glyc2p_e | glyc3p_e,glyc2p_e:Glycerol 2-phosphate | glyc3p_e:Glycerol 3-phosphate,
e,C4H4O5,2,mal__D_e | mal__L_e,mal__D_e:D-Malate | mal__L_e:L-Malate,
e,C4H4O6,2,tartr__D_e | tartr__L_e,tartr__D_e:D-tartrate | tartr__L_e:L-tartrate,
e,C4H7O2,2,but_e | ibt_e,but_e:Butyrate (n-C4:0) | ibt_e:Isobutyrate,
e,C5H10O5,3,arab__L_e | rib__D_e | xyl__D_e,arab__L_e:L-Arabinose | rib__D_e:D-Ribose | xyl__D_e:D-Xylose,
e,C5H11NO2,2,glyb_e | val__L_e,glyb_e:Glycine betaine | val__L_e:L-Valine,
e,C6H11O9P,3,f6p_e | g1p_e | g6p_e,f6p_e:D-Fructose 6-phosphate | g1p_e:D-Glucose 1-phosphate | g6p_e:D-Glucose 6-phosphate,
e,C6H12O6,5,fru_e | gal_e | glc__D_e | inost_e | man_e,fru_e:D-Fructose | gal_e:D-Galactose | glc__D_e:D-Glucose | inost_e:Myo-Inositol | man_e:D-Mannose,
e,C6H13NO2,2,ile__L_e | leu__L_e,ile__L_e:L-Isoleucine | leu__L_e:L-Leucine,
e,C6H9O7,2,5dglcn_e | glcur_e,5dglcn_e:5-Dehydro-D-gluconate | glcur_e:D-Glucuronate,
e,C74H114N14O40,2,murein4p4p_e | murein5p3p_e,"murein4p4p_e:Two linked disacharide tetrapeptide murein units (uncrosslinked, middle of chain) | murein5p3p_e:Two linked disacharide pentapeptide and tripeptide murein units (uncrosslinked, middle of chain)",
e,C8H8O3,2,mand_e | vanln_e,mand_e:Mandelate | vanln_e:Vanillin,
e,CU,2,cu2_e | cu_e,cu2_e:Copper | cu_e:Cu+,
e,FE,2,fe2_e | fe3_e,fe2_e:Fe2+ mitochondria | fe3_e:Fe3+,
e,Z,15,photon410_e | photon430_e | photon450_e | photon470_e | photon490_e | photon510_e | photon530_e | photon550_e | photon570_e | photon590_e | photon610_e | photon630_e | photon650_e | photon670_e | photon690_e,"photon410_e:Photon (400nm-420nm) | photon430_e:Photon (420nm-440nm) | photon450_e:Photon (417 to 472 nm, indigo/blue) | photon470_e:Photon (460nm-480nm) | photon490_e:Photon (451 to 526 nm, blue/green) | photon510_e:Photon (500nm-520nm) | photon530_e:Photon (520nm-540nm) | photon550_e:Photon (540nm-560nm) | photon570_e:Photon (560nm-580nm) | photon590_e:Photon (580nm-600nm) | photon610_e:Photon (600nm-620nm) | photon630_e:Photon (620nm-640nm) | photon650_e:Photon (640nm-660nm) | photon670_e:Photon (660nm-680nm) | photon690_e:Photon (680nm-700nm)",
p,C10H12N5O7P,3,3amp_p | amp_p | dgmp_p,3amp_p:3  AMP C10H12N5O7P | amp_p:AMP C10H12N5O7P | dgmp_p:DGMP,
p,C10H12N5O8P,2,3gmp_p | gmp_p,3gmp_p:Guanosine 3  phosphate C10H12N5O8P | gmp_p:GMP C10H12N5O8P,
p,C10H13N5O4,2,adn_p | dgsn_p,adn_p:Adenosine | dgsn_p:Deoxyguanosine,
p,C12H22O11,5,lcts_p | malt_p | melib_p | sucr_p | tre_p,lcts_p:Lactose | malt_p:Maltose C12H22O11 | melib_p:Melibiose | sucr_p:Sucrose C12H22O11 | tre_p:Trehalose,
p,C17H36NO7P1,2,1agpe120_p | 2agpe120_p,1agpe120_p:1-Acyl-sn-glycero-3-phosphoethanolamine (n-C12:0) | 2agpe120_p:2-Acyl-sn-glycero-3-phosphoethanolamine (n-C12:0),
p,C19H38NO7P1,2,1agpe141_p | 2agpe141_p,1agpe141_p:1-Acyl-sn-glycero-3-phosphoethanolamine (n-C14:1) | 2agpe141_p:2-Acyl-sn-glycero-3-phosphoethanolamine (n-C14:1),
p,C21H42NO7P1,2,1agpe161_p | 2agpe161_p,1agpe161_p:1-Acyl-sn-glycero-3-phosphoethanolamine (n-C16:1) | 2agpe161_p:2-Acyl-sn-glycero-3-phosphoethanolamine (n-C16:1),
p,C21H44NO7P1,2,1agpe160_p | 2agpe160_p,1agpe160_p:1-Acyl-sn-glycero-3-phosphoethanolamine (n-C16:0) | 2agpe160_p:2-Acyl-sn-glycero-3-phosphoethanolamine (n-C16:0),
p,C22H44O9P1,2,1agpg160_p | 2agpg160_p,1agpg160_p:1-Acyl-sn-glycero-3-phosphoglycerol (n-C16:0) | 2agpg160_p:2-Acyl-sn-glycero-3-phosphoglycerol (n-C16:0),
p,C36H62O31,2,14glucan_p | malthx_p,"14glucan_p:1,4-alpha-D-glucan | malthx_p:Maltohexaose",
p,C3H7NO2,2,ala__D_p | ala__L_p,ala__D_p:D-Alanine | ala__L_p:L-Alanine,
p,C3H7O6P,2,glyc2p_p | glyc3p_p,glyc2p_p:Glycerol 2-phosphate | glyc3p_p:Glycerol 3-phosphate,
p,C4H4O5,2,mal__D_p | mal__L_p,mal__D_p:D-Malate | mal__L_p:L-Malate,
p,C4H4O6,2,tartr__D_p | tartr__L_p,tartr__D_p:D-tartrate | tartr__L_p:L-tartrate,
p,C4H9NO3,2,hom__L_p | thr__L_p,hom__L_p:L-Homoserine | thr__L_p:L-Threonine,
p,C5H10O5,4,arab__L_p | rib__D_p | xyl__D_p | xylu__L_p,arab__L_p:L-Arabinose | rib__D_p:D-Ribose | xyl__D_p:D-Xylose | xylu__L_p:L-Xylulose,
p,C5H11NO2,2,glyb_p | val__L_p,glyb_p:Glycine betaine | val__L_p:L-Valine,
p,C6H11O9P,3,f6p_p | g1p_p | g6p_p,f6p_p:D-Fructose 6-phosphate | g1p_p:D-Glucose 1-phosphate | g6p_p:D-Glucose 6-phosphate,
p,C6H12O6,6,all__D_p | fru_p | gal_p | glc__D_p | inost_p | man_p,all__D_p:D-Allose | fru_p:D-Fructose | gal_p:D-Galactose | glc__D_p:D-Glucose | inost_p:Myo-Inositol | man_p:D-Mannose,
p,C6H13NO2,2,ile__L_p | leu__L_p,ile__L_p:L-Isoleucine | leu__L_p:L-Leucine,
p,C6H14O6,3,galt_p | mnl_p | sbt__D_p,galt_p:Galactitol | mnl_p:D-Mannitol | sbt__D_p:D-Sorbitol,
p,C74H112N14O39,2,murein4px4p_p | murein5px3p_p,"murein4px4p_p:Two disacharide linked murein units, tetrapeptide corsslinked tetrapeptide (A2pm->D-ala) (middle of chain) | murein5px3p_p:Two disacharide linked murein units, pentapeptide corsslinked tripeptide (A2pm->A2pm) (middle of chain)",
p,C74H114N14O40,2,murein4p4p_p | murein5p3p_p,"murein4p4p_p:Two linked disacharide tetrapeptide murein units (uncrosslinked, middle of chain) | murein5p3p_p:Two linked disacharide pentapeptide and tripeptide murein units (uncrosslinked, middle of chain)",
p,C7H15NO3,2,crn__D_p | crn_p,crn__D_p:D-Carnitine | crn_p:L-Carnitine,
p,C8H15NO6,2,acgam_p | acmana_p,acgam_p:N-Acetyl-D-glucosamine | acmana_p:N-Acetyl-D-mannosamine,
p,C8H8O3,2,mand_p | vanln_p,mand_p:Mandelate | vanln_p:Vanillin,
p,C9H11N2O9P,2,3ump_p | ump_p,3ump_p:3  UMP C9H11N2O9P | ump_p:UMP C9H11N2O9P,
p,C9H12N3O8P,2,3cmp_p | cmp_p,3cmp_p:3  CMP C9H12N3O8P | cmp_p:CMP C9H12N3O8P,
p,CU,2,cu2_p | cu_p,cu2_p:Copper | cu_p:Cu+,
p,FE,2,fe2_p | fe3_p,fe2_p:Fe2+ mitochondria | fe3_p:Fe3+,
p,NONE,2,colipacy_p | icolipacy_p,colipacy_p:O-antigen bound to core oligosaccharide lipid A (Synechococcus elongatus 7942) | icolipacy_p:Inner core oligosaccharide lipid A (Synechococcus elongatus 7942),
p,R,6,ficytc6_p | focytc6_p | pcox_p | pcrd_p | ps2d1_exc_um_p | ps2d1_um_p,ficytc6_p:Ferricytochrome c6 | focytc6_p:Ferrocytochrome c6 | pcox_p:Plastocyanin(Cu2+) | pcrd_p:Plastocyanin(Cu+) | ps2d1_exc_um_p:Damaged PSII D1 protein | ps2d1_um_p:PSII D1 protein,
u,R,4,ficytc6_u | focytc6_u | pcox_u | pcrd_u,ficytc6_u:Ferricytochrome c6 | focytc6_u:Ferrocytochrome c6 | pcox_u:Plastocyanin(Cu2+) | pcrd_u:Plastocyanin(Cu+),
